"Season","Squad","Comp","Player","Nation","Pos","Age","MP_Playing_Time","Starts_Playing_Time","Min_Playing_Time","Mins_Per_90_Playing_Time","GA","GA90","SoTA","Saves","Save_percent","W","D","L","CS","CS_percent","PKatt_Kicks","PKA_Kicks","PKsv_Kicks","PKm_Kicks","Save_percent_Kicks","PlayerURL"
"2022-2023","Napoli","Serie A","Alex Meret","ITA","GK","26-074",33,33,2970,33,24,0.73,87,62,73.6,25,5,3,15,45.5,2,1,1,0,50,"https://fbref.com/en/players/9413b19f/Alex-Meret"
"2022-2023","Napoli","Serie A","Pierluigi Gollini","ITA","GK","28-078",4,4,360,4,4,1,16,12,75,2,1,1,2,50,0,0,0,0,NA,"https://fbref.com/en/players/f0f7f62f/Pierluigi-Gollini"
"2022-2023","Lazio","Serie A","Ivan Provedel","ITA","GK","29-079",38,37,3413,37.9,30,0.79,128,99,77.3,21,8,8,21,56.8,2,1,0,1,0,"https://fbref.com/en/players/277da414/Ivan-Provedel"
"2022-2023","Lazio","Serie A","Luís Maximiano","POR","GK","24-150",1,1,5,0.1,NA,NA,NA,NA,NA,1,NA,NA,NA,NA,NA,NA,NA,NA,NA,"https://fbref.com/en/players/3318286e/Luis-Maximiano"
"2022-2023","Internazionale","Serie A","André Onana","CMR","GK","27-063",24,24,2160,24,24,1,83,61,73.5,14,3,7,8,33.3,2,2,0,0,0,"https://fbref.com/en/players/e9c0c1b2/Andre-Onana"
"2022-2023","Internazionale","Serie A","Samir Handanović","SVN","GK","38-325",14,14,1234,13.7,18,1.31,52,35,67.3,9,0,5,4,28.6,1,1,0,0,0,"https://fbref.com/en/players/74419746/Samir-Handanovic"
"2022-2023","Internazionale","Serie A","Alex Cordaz","ITA","GK","40-154",1,0,26,0.3,0,0,2,2,100,0,0,0,1,NA,0,0,0,0,NA,"https://fbref.com/en/players/e66ebabb/Alex-Cordaz"
"2022-2023","Milan","Serie A","Mike Maignan","FRA","GK","27-336",21,21,1890,21,20,0.95,61,40,70.5,10,7,4,8,38.1,3,2,1,0,33.3,"https://fbref.com/en/players/fcb38f57/Mike-Maignan"
"2022-2023","Milan","Serie A","Ciprian Tătărușanu","ROU","GK","37-115",16,16,1440,16,22,1.37,61,40,67.2,9,3,4,4,25,2,2,0,0,0,"https://fbref.com/en/players/b056e3da/Ciprian-Tatarusanu"
"2022-2023","Atalanta","Serie A","Juan Musso","ARG","GK","29-029",24,24,2077,23.1,27,1.17,89,64,71.9,13,4,7,7,29.2,2,2,0,0,0,"https://fbref.com/en/players/a111cf41/Juan-Musso"
"2022-2023","Atalanta","Serie A","Marco Sportiello","ITA","GK","31-025",14,13,1253,13.9,19,1.36,60,41,70,5,3,5,2,15.4,1,1,0,0,0,"https://fbref.com/en/players/ac4003af/Marco-Sportiello"
"2022-2023","Roma","Serie A","Rui Patrício","POR","GK","35-109",35,35,3150,35,35,1,108,73,69.4,17,8,10,13,37.1,3,2,1,0,33.3,"https://fbref.com/en/players/79b0d6a0/Rui-Patricio"
"2022-2023","Roma","Serie A","Mile Svilar","SRB","GK","23-281",2,2,180,2,2,1,8,6,75,0,1,1,1,50,0,0,0,0,NA,"https://fbref.com/en/players/bcf5058a/Mile-Svilar"
"2022-2023","Juventus","Serie A","Wojciech Szczęsny","POL","GK","33-047",27,27,2382,26.5,26,0.98,90,64,74.4,16,3,8,13,48.1,3,3,0,0,0,"https://fbref.com/en/players/01b8a2b2/Wojciech-Szczesny"
"2022-2023","Juventus","Serie A","Mattia Perin","ITA","GK","30-206",11,10,948,10.5,7,0.66,40,32,85,5,3,2,6,60,2,1,1,0,50,"https://fbref.com/en/players/4c62d0c8/Mattia-Perin"
"2022-2023","Fiorentina","Serie A","Pietro Terracciano","ITA","GK","33-088",29,29,2610,29,38,1.31,96,59,66.7,9,8,12,5,17.2,7,6,1,0,14.3,"https://fbref.com/en/players/e1b0a70d/Pietro-Terracciano"
"2022-2023","Fiorentina","Serie A","Michele Cerofolini","ITA","GK","24-151",5,5,450,5,3,0.6,11,8,81.8,4,1,0,2,40,1,1,0,0,0,"https://fbref.com/en/players/efdeaff3/Michele-Cerofolini"
"2022-2023","Fiorentina","Serie A","Pierluigi Gollini","ITA","GK","28-078",3,3,270,3,2,0.67,8,6,75,1,2,0,2,66.7,0,0,0,0,NA,"https://fbref.com/en/players/f0f7f62f/Pierluigi-Gollini"
"2022-2023","Fiorentina","Serie A","Salvatore Sirigu","ITA","GK","36-143",1,1,90,1,0,0,5,5,100,1,0,0,1,100,0,0,0,0,NA,"https://fbref.com/en/players/10dc46f0/Salvatore-Sirigu"
"2022-2023","Torino","Serie A","Vanja Milinković-Savić","SRB","GK","26-104",38,38,3420,38,41,1.08,136,95,73.5,14,11,13,11,28.9,6,5,0,1,0,"https://fbref.com/en/players/9fa26bc2/Vanja-Milinkovic-Savic"
"2022-2023","Monza","Serie A","Michele Di Gregorio","ITA","GK","25-312",36,36,3240,36,44,1.22,157,114,73.9,14,10,12,10,27.8,3,3,0,0,0,"https://fbref.com/en/players/4e0c8d66/Michele-Di-Gregorio"
"2022-2023","Monza","Serie A","Alessio Cragno","ITA","GK","28-341",1,1,90,1,3,3,5,2,40,0,0,1,0,0,0,0,0,0,NA,"https://fbref.com/en/players/f554e29b/Alessio-Cragno"
"2022-2023","Bologna","Serie A","Łukasz Skorupski","POL","GK","32-030",36,36,3240,36,47,1.31,154,108,74,12,12,12,7,19.4,9,7,2,0,22.2,"https://fbref.com/en/players/ab4449d6/Lukasz-Skorupski"
"2022-2023","Bologna","Serie A","Francesco Bardi","ITA","GK","31-137",1,1,90,1,0,0,4,4,100,1,0,0,1,100,0,0,0,0,NA,"https://fbref.com/en/players/0acda699/Francesco-Bardi"
"2022-2023","Udinese","Serie A","Marco Silvestri","ITA","GK","32-094",37,37,3330,37,47,1.27,132,87,68.9,11,13,13,10,27,7,6,0,1,0,"https://fbref.com/en/players/0d422df7/Marco-Silvestri"
"2022-2023","Sassuolo","Serie A","Andrea Consigli","ITA","GK","36-128",35,35,3150,35,55,1.57,117,64,55.6,12,8,15,9,25.7,3,3,0,0,0,"https://fbref.com/en/players/8cabdc1e/Andrea-Consigli"
"2022-2023","Sassuolo","Serie A","Gianluca Pegolo","ITA","GK","42-071",2,2,180,2,3,1.5,6,3,66.7,0,1,1,0,0,1,1,0,0,0,"https://fbref.com/en/players/f058ed1f/Gianluca-Pegolo"
"2022-2023","Sassuolo","Serie A","Alessandro Russo","ITA","GK","22-065",1,1,90,1,3,3,7,4,57.1,0,0,1,0,0,0,0,0,0,NA,"https://fbref.com/en/players/3945ac70/Alessandro-Russo"
"2022-2023","Empoli","Serie A","Guglielmo Vicario","ITA","GK","26-240",31,31,2783,30.9,39,1.26,134,95,73.9,9,12,10,7,22.6,6,4,1,1,20,"https://fbref.com/en/players/77d6fd4d/Guglielmo-Vicario"
"2022-2023","Empoli","Serie A","Samuele Perisan","ITA","GK","25-287",7,7,630,7,9,1.29,24,15,62.5,1,1,5,2,28.6,0,0,0,0,NA,"https://fbref.com/en/players/00a17eba/Samuele-Perisan"
"2022-2023","Empoli","Serie A","Samir Ujkani","KVX","GK","34-334",1,0,7,0.1,1,12.86,1,0,0,0,0,0,0,NA,0,0,0,0,NA,"https://fbref.com/en/players/96640846/Samir-Ujkani"
"2022-2023","Salernitana","Serie A","Guillermo Ochoa","MEX","GK","37-326",20,20,1800,20,33,1.65,105,71,71.4,4,10,6,4,20,4,3,1,0,25,"https://fbref.com/en/players/1e9bde92/Guillermo-Ochoa"
"2022-2023","Salernitana","Serie A","Luigi Sepe","ITA","GK","32-027",17,17,1530,17,27,1.59,87,57,73.6,4,5,8,3,17.6,7,4,3,0,42.9,"https://fbref.com/en/players/343f753a/Luigi-Sepe"
"2022-2023","Salernitana","Serie A","Vincenzo Fiorillo","ITA","GK","33-142",1,1,90,1,2,2,4,2,50,1,0,0,0,0,0,0,0,0,NA,"https://fbref.com/en/players/a2565f79/Vincenzo-Fiorillo"
"2022-2023","Lecce","Serie A","Wladimiro Falcone","ITA","GK","28-053",37,37,3330,37,43,1.16,149,108,74.5,8,12,17,6,16.2,6,5,1,0,16.7,"https://fbref.com/en/players/9f5a610b/Wladimiro-Falcone"
"2022-2023","Spezia","Serie A","Bartłomiej Drągowski","POL","GK","25-289",34,34,2946,32.7,54,1.65,164,112,69.5,6,10,18,6,17.6,6,4,1,1,20,"https://fbref.com/en/players/085e71a7/Bartlomiej-Dragowski"
"2022-2023","Spezia","Serie A","Jeroen Zoet","NED","GK","32-149",4,3,244,2.7,2,0.74,8,6,75,0,3,0,0,0,0,0,0,0,NA,"https://fbref.com/en/players/cc1a0c57/Jeroen-Zoet"
"2022-2023","Spezia","Serie A","Petar Zovko","BIH","GK","21-071",1,0,74,0.8,2,2.43,3,1,33.3,0,0,0,0,NA,0,0,0,0,NA,"https://fbref.com/en/players/54f6afe3/Petar-Zovko"
"2022-2023","Spezia","Serie A","Federico Marchetti","ITA","GK","40-117",1,0,66,0.7,2,2.73,3,1,33.3,0,0,0,0,NA,0,0,0,0,NA,"https://fbref.com/en/players/f794b426/Federico-Marchetti"
"2022-2023","Hellas Verona","Serie A","Lorenzo Montipò","ITA","GK","27-104",36,36,3240,36,56,1.56,176,122,68.2,7,9,20,5,13.9,1,0,1,0,100,"https://fbref.com/en/players/c1d95617/Lorenzo-Montipo"
"2022-2023","Hellas Verona","Serie A","Simone Perilli","ITA","GK","28-148",1,1,90,1,0,0,4,4,100,0,1,0,1,100,0,0,0,0,NA,"https://fbref.com/en/players/b9e11c1d/Simone-Perilli"
"2022-2023","Cremonese","Serie A","Marco Carnesecchi","ITA","GK","22-338",27,27,2430,27,47,1.74,153,107,70.6,4,9,14,4,14.8,2,2,0,0,0,"https://fbref.com/en/players/8ec56e62/Marco-Carnesecchi"
"2022-2023","Cremonese","Serie A","Ionuț Radu","ROU","GK","26-007",9,9,810,9,19,2.11,64,45,75,0,3,6,1,11.1,3,3,0,0,0,"https://fbref.com/en/players/67f649be/Ionut-Radu"
"2022-2023","Cremonese","Serie A","Mouhamadou Sarr","SEN","GK","26-150",2,2,180,2,3,1.5,8,5,62.5,1,0,1,1,50,0,0,0,0,NA,"https://fbref.com/en/players/b959a0d1/Mouhamadou-Sarr"
"2022-2023","Sampdoria","Serie A","Emil Audero","ITA","GK","26-137",25,25,2250,25,39,1.56,121,82,71.9,2,6,17,4,16,7,5,2,0,28.6,"https://fbref.com/en/players/649b01d8/Emil-Audero"
"2022-2023","Sampdoria","Serie A","Nicola Ravaglia","ITA","GK","34-174",9,9,810,9,23,2.56,64,41,67.2,0,3,6,0,0,2,2,0,0,0,"https://fbref.com/en/players/d7a35008/Nicola-Ravaglia"
"2022-2023","Sampdoria","Serie A","Martin Turk","SVN","GK","19-287",3,3,270,3,7,2.33,21,14,66.7,1,1,1,0,0,1,0,0,1,NA,"https://fbref.com/en/players/14ae023f/Martin-Turk"
"2022-2023","Manchester City","Premier League","Ederson","BRA","GK","28",35,35,3150,35,32,0.91,77,46,62.3,26,4,5,11,31.4,3,3,0,0,0,"https://fbref.com/en/players/3bb7b8b4/Ederson"
"2022-2023","Manchester City","Premier League","Stefan Ortega","GER","GK","29",3,3,270,3,1,0.33,15,14,93.3,2,1,0,2,66.7,0,0,0,0,NA,"https://fbref.com/en/players/c1242d4e/Stefan-Ortega"
"2022-2023","Arsenal","Premier League","Aaron Ramsdale","ENG","GK","24",38,38,3420,38,43,1.13,136,94,70.6,26,6,6,14,36.8,5,3,0,2,0,"https://fbref.com/en/players/466fb2c5/Aaron-Ramsdale"
"2022-2023","Manchester United","Premier League","David de Gea","ESP","GK","31",38,38,3420,38,43,1.13,142,99,71.1,23,6,9,17,44.7,3,2,1,0,33.3,"https://fbref.com/en/players/7ba6d84e/David-de-Gea"
"2022-2023","Newcastle United","Premier League","Nick Pope","ENG","GK","30",37,37,3261,36.2,32,0.88,118,85,74.6,19,13,5,14,37.8,5,2,2,1,50,"https://fbref.com/en/players/4b40d9ca/Nick-Pope"
"2022-2023","Newcastle United","Premier League","Martin Dúbravka","SVK","GK","33",2,1,157,1.7,1,0.57,9,9,88.9,0,1,0,0,0,0,0,0,0,NA,"https://fbref.com/en/players/3a949a25/Martin-Dubravka"
"2022-2023","Liverpool","Premier League","Alisson","BRA","GK","29",37,37,3330,37,43,1.16,147,105,72.1,19,9,9,14,37.8,4,2,1,1,33.3,"https://fbref.com/en/players/7a2e46a8/Alisson"
"2022-2023","Liverpool","Premier League","Caoimhín Kelleher","IRL","GK","23",1,1,90,1,4,4,10,6,60,0,1,0,0,0,0,0,0,0,NA,"https://fbref.com/en/players/62d7ef38/Caoimhin-Kelleher"
"2022-2023","Brighton & Hove Albion","Premier League","Robert Sánchez","ESP","GK","24",23,23,2070,23,30,1.3,74,46,66.2,11,5,7,6,26.1,6,5,1,0,16.7,"https://fbref.com/en/players/6a713852/Robert-Sanchez"
"2022-2023","Brighton & Hove Albion","Premier League","Jason Steele","ENG","GK","31",15,15,1350,15,23,1.53,57,36,61.4,7,3,5,6,40,2,1,1,0,50,"https://fbref.com/en/players/28300a16/Jason-Steele"
"2022-2023","Aston Villa","Premier League","Emiliano Martínez","ARG","GK","29",36,36,3139,34.9,38,1.09,132,97,74.2,17,7,12,11,30.6,5,4,1,0,20,"https://fbref.com/en/players/7956236f/Emiliano-Martinez"
"2022-2023","Aston Villa","Premier League","Robin Olsen","SWE","GK","32",4,2,281,3.1,8,2.56,19,11,63.2,1,0,1,1,50,1,1,0,0,0,"https://fbref.com/en/players/e7ee38c3/Robin-Olsen"
"2022-2023","Tottenham Hotspur","Premier League","Hugo Lloris","FRA","GK","35",25,25,2205,24.5,39,1.59,117,79,67.5,13,3,9,7,28,1,1,0,0,0,"https://fbref.com/en/players/8f62b6ee/Hugo-Lloris"
"2022-2023","Tottenham Hotspur","Premier League","Fraser Forster","ENG","GK","34",14,13,1215,13.5,24,1.78,55,30,60,5,3,5,3,23.1,3,2,1,0,33.3,"https://fbref.com/en/players/c3e39f12/Fraser-Forster"
"2022-2023","Brentford","Premier League","David Raya","ESP","GK","26",38,38,3420,38,46,1.21,197,154,77.7,15,14,9,12,31.6,2,2,0,0,0,"https://fbref.com/en/players/98ea5115/David-Raya"
"2022-2023","Fulham","Premier League","Bernd Leno","GER","GK","30",36,36,3240,36,51,1.42,192,142,77.1,15,5,16,8,22.2,8,7,1,0,12.5,"https://fbref.com/en/players/2628fd2b/Bernd-Leno"
"2022-2023","Fulham","Premier League","Marek Rodák","SVK","GK","25",2,2,180,2,2,1,4,2,50,0,2,0,1,50,0,0,0,0,NA,"https://fbref.com/en/players/17acc2ed/Marek-Rodak"
"2022-2023","Crystal Palace","Premier League","Vicente Guaita","ESP","GK","35",27,27,2430,27,34,1.26,116,84,72.4,7,9,11,6,22.2,2,2,0,0,0,"https://fbref.com/en/players/ab13a5aa/Vicente-Guaita"
"2022-2023","Crystal Palace","Premier League","Sam Johnstone","ENG","GK","29",9,9,810,9,10,1.11,34,25,76.5,4,3,2,3,33.3,2,2,0,0,0,"https://fbref.com/en/players/9e5708be/Sam-Johnstone"
"2022-2023","Crystal Palace","Premier League","Joseph Whitworth","ENG","GK","18",2,2,180,2,5,2.5,10,5,50,0,0,2,0,0,0,0,0,0,NA,"https://fbref.com/en/players/3f847d95/Joseph-Whitworth"
"2022-2023","Chelsea","Premier League","Kepa Arrizabalaga","ESP","GK","27",29,29,2565,28.5,33,1.16,120,90,73.3,8,9,12,9,31,1,1,0,0,0,"https://fbref.com/en/players/28d596a0/Kepa-Arrizabalaga"
"2022-2023","Chelsea","Premier League","Edouard Mendy","SEN","GK","30",10,9,855,9.5,14,1.47,39,25,64.1,3,2,4,1,11.1,0,0,0,0,NA,"https://fbref.com/en/players/33887998/Edouard-Mendy"
"2022-2023","Wolverhampton Wanderers","Premier League","José Sá","POR","GK","29",36,36,3240,36,55,1.53,161,105,67.1,11,7,18,11,30.6,4,2,2,0,50,"https://fbref.com/en/players/903b6e8b/Jose-Sa"
"2022-2023","Wolverhampton Wanderers","Premier League","Daniel Bentley","ENG","GK","29",2,2,180,2,3,1.5,13,10,76.9,0,1,1,0,0,0,0,0,0,NA,"https://fbref.com/en/players/68db6358/Daniel-Bentley"
"2022-2023","West Ham United","Premier League","Łukasz Fabiański","POL","GK","37",36,36,3111,34.6,48,1.39,154,106,70.1,11,6,19,8,22.2,4,2,1,1,33.3,"https://fbref.com/en/players/9328b835/Lukasz-Fabianski"
"2022-2023","West Ham United","Premier League","Alphonse Areola","FRA","GK","29",5,2,309,3.4,7,2.04,16,9,68.8,0,1,1,1,50,2,2,0,0,0,"https://fbref.com/en/players/2f965a72/Alphonse-Areola"
"2022-2023","Bournemouth","Premier League","Neto","BRA","GK","33",27,27,2385,26.5,39,1.47,138,100,74.6,9,6,12,6,22.2,5,4,0,1,0,"https://fbref.com/en/players/a9dc785c/Neto"
"2022-2023","Bournemouth","Premier League","Mark Travers","IRL","GK","23",12,11,1035,11.5,32,2.78,66,36,54.5,2,0,9,2,18.2,2,2,0,0,0,"https://fbref.com/en/players/fe558029/Mark-Travers"
"2022-2023","Nottingham Forest","Premier League","Dean Henderson","ENG","GK","25",18,18,1620,18,31,1.72,85,52,65.9,5,5,8,6,33.3,5,2,2,1,50,"https://fbref.com/en/players/e5a76dfe/Dean-Henderson"
"2022-2023","Nottingham Forest","Premier League","Keylor Navas","CRC","GK","35",17,17,1529,17,32,1.88,83,51,66.3,4,4,9,1,5.9,4,4,0,0,0,"https://fbref.com/en/players/ecada4fc/Keylor-Navas"
"2022-2023","Nottingham Forest","Premier League","Wayne Hennessey","WAL","GK","35",4,3,271,3,5,1.66,14,9,64.3,0,2,1,1,33.3,0,0,0,0,NA,"https://fbref.com/en/players/76eca7e2/Wayne-Hennessey"
"2022-2023","Everton","Premier League","Jordan Pickford","ENG","GK","28",37,37,3330,37,57,1.54,181,123,71.3,7,12,18,8,21.6,6,5,1,0,16.7,"https://fbref.com/en/players/4806ec67/Jordan-Pickford"
"2022-2023","Everton","Premier League","Asmir Begović","BIH","GK","35",1,1,90,1,0,0,4,4,100,1,0,0,1,100,0,0,0,0,NA,"https://fbref.com/en/players/7b4de647/Asmir-Begovic"
"2022-2023","Leicester City","Premier League","Danny Ward","WAL","GK","29",26,26,2340,26,46,1.77,119,75,63,7,3,16,6,23.1,3,2,1,0,33.3,"https://fbref.com/en/players/d3ce0e89/Danny-Ward"
"2022-2023","Leicester City","Premier League","Daniel Iversen","DEN","GK","25",12,12,1080,12,22,1.83,59,38,66.1,2,4,6,1,8.3,2,2,0,0,0,"https://fbref.com/en/players/10d221cd/Daniel-Iversen"
"2022-2023","Leeds United","Premier League","Illan Meslier","FRA","GK","22",34,34,3060,34,67,1.97,158,92,59.5,7,9,18,5,14.7,3,3,0,0,0,"https://fbref.com/en/players/6b625ac2/Illan-Meslier"
"2022-2023","Leeds United","Premier League","Joel Robles","ESP","GK","32",4,4,360,4,11,2.75,27,16,66.7,0,1,3,0,0,3,2,0,1,0,"https://fbref.com/en/players/cda0b317/Joel-Robles"
"2022-2023","Southampton","Premier League","Gavin Bazunu","IRL","GK","20",32,32,2880,32,56,1.75,120,67,54.2,6,6,20,4,12.5,2,1,1,0,50,"https://fbref.com/en/players/c91441dc/Gavin-Bazunu"
"2022-2023","Southampton","Premier League","Alex McCarthy","ENG","GK","32",6,6,540,6,17,2.83,30,14,46.7,0,1,5,0,0,1,1,0,0,0,"https://fbref.com/en/players/36c2ca73/Alex-McCarthy"
"2022-2023","Barcelona","La Liga","Marc-André ter Stegen","GER","GK","31-035",37,37,3285,36.5,17,0.47,91,77,84.6,28,4,5,26,70.3,3,3,0,0,0,"https://fbref.com/en/players/6f51e382/Marc-Andre-ter-Stegen"
"2022-2023","Barcelona","La Liga","Iñaki Peña","ESP","GK","24-094",1,0,45,0.5,1,2,2,1,50,0,0,0,0,NA,0,0,0,0,NA,"https://fbref.com/en/players/cc1c5035/Inaki-Pena"
"2022-2023","Real Madrid","La Liga","Thibaut Courtois","BEL","GK","31-024",30,30,2700,30,28,0.93,109,81,78,20,4,6,10,33.3,4,4,0,0,0,"https://fbref.com/en/players/1840e36d/Thibaut-Courtois"
"2022-2023","Real Madrid","La Liga","Andriy Lunin","UKR","GK","24-113",7,7,630,7,7,1,18,12,61.1,4,1,2,3,42.9,0,0,0,0,NA,"https://fbref.com/en/players/3061e1ec/Andriy-Lunin"
"2022-2023","Atlético Madrid","La Liga","Jan Oblak","SVN","GK","30-148",28,28,2492,27.7,20,0.72,79,59,75.9,17,5,6,11,39.3,2,1,0,1,0,"https://fbref.com/en/players/ee8508c0/Jan-Oblak"
"2022-2023","Atlético Madrid","La Liga","Ivo Grbić","CRO","GK","27-137",11,9,838,9.3,11,1.18,42,31,81,6,2,1,2,22.2,3,3,0,0,0,"https://fbref.com/en/players/3f034750/Ivo-Grbic"
"2022-2023","Real Sociedad","La Liga","Álex Remiro","ESP","GK","28-072",37,37,3330,37,34,0.92,129,96,74.4,20,8,9,15,40.5,2,1,1,0,50,"https://fbref.com/en/players/374ee424/Alex-Remiro"
"2022-2023","Villarreal","La Liga","Pepe Reina","ESP","GK","40-277",22,22,1980,22,27,1.23,87,61,73.6,13,3,6,5,22.7,4,4,0,0,0,"https://fbref.com/en/players/e358587b/Pepe-Reina"
"2022-2023","Villarreal","La Liga","Gerónimo Rulli","ARG","GK","31-015",14,14,1260,14,10,0.71,56,46,82.1,6,3,5,7,50,0,0,0,0,NA,"https://fbref.com/en/players/625c144a/Geronimo-Rulli"
"2022-2023","Villarreal","La Liga","Filip Jörgensen","DEN","GK","21-049",1,1,90,1,1,1,3,2,66.7,0,0,1,0,0,0,0,0,0,NA,"https://fbref.com/en/players/0107757e/Filip-Jorgensen"
"2022-2023","Real Betis","La Liga","Rui Silva","POR","GK","29-117",26,26,2340,26,32,1.23,104,73,71.2,12,4,10,9,34.6,2,2,0,0,0,"https://fbref.com/en/players/ea83bfa6/Rui-Silva"
"2022-2023","Real Betis","La Liga","Claudio Bravo","CHI","GK","40-052",11,11,990,11,8,0.73,39,31,82.1,5,4,2,4,36.4,1,1,0,0,0,"https://fbref.com/en/players/10072610/Claudio-Bravo"
"2022-2023","Osasuna","La Liga","Aitor Fernández","ESP","GK","32-032",20,20,1800,20,18,0.9,71,54,74.6,9,5,6,8,40,0,0,0,0,NA,"https://fbref.com/en/players/a01c3d54/Aitor-Fernandez"
"2022-2023","Osasuna","La Liga","Sergio Herrera","ESP","GK","29-364",17,17,1530,17,23,1.35,71,48,69,5,3,9,3,17.6,4,1,1,2,50,"https://fbref.com/en/players/a4995f48/Sergio-Herrera"
"2022-2023","Athletic Club","La Liga","Unai Simón","ESP","GK","25-358",30,30,2655,29.5,36,1.22,102,69,66.7,13,5,12,9,30,2,2,0,0,0,"https://fbref.com/en/players/5dcf3e90/Unai-Simon"
"2022-2023","Athletic Club","La Liga","Julen Agirrezabala","ESP","GK","22-160",8,7,675,7.5,6,0.8,19,13,68.4,1,3,3,2,28.6,0,0,0,0,NA,"https://fbref.com/en/players/a2c1a8d3/Julen-Agirrezabala"
"2022-2023","Girona","La Liga","Paulo Gazzaniga","ARG","GK","31-153",27,27,2430,27,35,1.3,118,82,73.7,11,8,8,4,14.8,6,4,1,1,20,"https://fbref.com/en/players/63d17038/Paulo-Gazzaniga"
"2022-2023","Girona","La Liga","Juan Carlos","ESP","GK","35-135",10,10,900,10,18,1.8,43,25,62.8,2,2,6,0,0,2,2,0,0,0,"https://fbref.com/en/players/688b96e3/Juan-Carlos"
"2022-2023","Rayo Vallecano","La Liga","Stole Dimitrievski","MKD","GK","29-161",36,36,3240,36,47,1.31,137,94,68.6,13,10,13,9,25,5,4,0,1,0,"https://fbref.com/en/players/fc70e345/Stole-Dimitrievski"
"2022-2023","Rayo Vallecano","La Liga","Diego López","ESP","GK","41-213",1,1,90,1,3,3,4,1,25,0,0,1,0,0,0,0,0,0,NA,"https://fbref.com/en/players/73683fa9/Diego-Lopez"
"2022-2023","Sevilla","La Liga","Yassine Bounou","MAR","GK","32-060",25,25,2151,23.9,41,1.72,106,66,63.2,7,6,12,4,16,3,2,1,0,33.3,"https://fbref.com/en/players/f6798fc3/Yassine-Bounou"
"2022-2023","Sevilla","La Liga","Marko Dmitrović","SRB","GK","31-131",14,12,1179,13.1,11,0.84,49,39,77.6,6,4,2,5,41.7,0,0,0,0,NA,"https://fbref.com/en/players/ac295d9e/Marko-Dmitrovic"
"2022-2023","Mallorca","La Liga","Predrag Rajković","SRB","GK","27-216",36,36,3240,36,40,1.11,133,92,74.4,13,8,15,12,33.3,7,6,1,0,14.3,"https://fbref.com/en/players/58ad9383/Predrag-Rajkovic"
"2022-2023","Mallorca","La Liga","Dominik Greif","SVK","GK","26-059",1,1,90,1,3,3,8,5,62.5,0,0,1,0,0,0,0,0,0,NA,"https://fbref.com/en/players/30061f53/Dominik-Greif"
"2022-2023","Cádiz","La Liga","Jeremías Ledesma","ARG","GK","30-111",33,33,2970,33,47,1.42,174,126,77.6,9,10,14,12,36.4,9,8,1,0,11.1,"https://fbref.com/en/players/6c4776b1/Jeremias-Ledesma"
"2022-2023","Cádiz","La Liga","David Gil","ESP","GK","29-144",4,4,360,4,5,1.25,23,18,82.6,1,1,2,1,25,1,1,0,0,0,"https://fbref.com/en/players/fea23125/David-Gil"
"2022-2023","Getafe","La Liga","David Soria","ESP","GK","30-061",37,37,3330,37,45,1.22,166,119,75.3,10,11,16,12,32.4,8,4,4,0,50,"https://fbref.com/en/players/8f8c6934/David-Soria"
"2022-2023","Valencia","La Liga","Giorgi Mamardashvili","GEO","GK","22-248",37,37,3330,37,44,1.19,145,103,71,11,8,18,7,18.9,5,2,0,3,0,"https://fbref.com/en/players/d4b73232/Giorgi-Mamardashvili"
"2022-2023","Almería","La Liga","Fernando","ESP","GK","32-359",36,36,3195,35.5,58,1.63,185,127,70.8,11,7,18,4,11.1,6,4,1,1,20,"https://fbref.com/en/players/dabb2827/Fernando"
"2022-2023","Almería","La Liga","Fernando Pacheco","ESP","GK","31-017",1,1,90,1,2,2,5,3,60,0,0,1,0,0,0,0,0,0,NA,"https://fbref.com/en/players/97852360/Fernando-Pacheco"
"2022-2023","Almería","La Liga","Diego Mariño","ESP","GK","33-026",1,0,45,0.5,2,4,5,3,60,0,0,0,0,NA,0,0,0,0,NA,"https://fbref.com/en/players/d9235a45/Diego-Marino"
"2022-2023","Celta Vigo","La Liga","Agustín Marchesín","ARG","GK","35-080",19,19,1710,19,29,1.53,72,42,62.5,5,5,9,6,31.6,4,2,2,0,50,"https://fbref.com/en/players/853b7c48/Agustin-Marchesin"
"2022-2023","Celta Vigo","La Liga","Iván Villar","ESP","GK","25-330",18,18,1620,18,23,1.28,60,37,66.7,5,5,8,4,22.2,4,3,0,1,0,"https://fbref.com/en/players/cde52ef5/Ivan-Villar"
"2022-2023","Valladolid","La Liga","Jordi Masip","ESP","GK","34-152",27,27,2417,26.9,42,1.56,144,100,74.3,9,4,14,7,25.9,9,5,3,1,37.5,"https://fbref.com/en/players/8fae77ea/Jordi-Masip"
"2022-2023","Valladolid","La Liga","Sergio Asenjo","ESP","GK","33-341",10,10,900,10,21,2.1,51,30,60.8,2,2,6,1,10,1,1,0,0,0,"https://fbref.com/en/players/9f0ea33f/Sergio-Asenjo"
"2022-2023","Valladolid","La Liga","Álvaro Aceves","ESP","GK","19-313",1,0,13,0.1,0,0,3,3,100,0,0,0,0,NA,0,0,0,0,NA,"https://fbref.com/en/players/be6faae0/Alvaro-Aceves"
"2022-2023","Espanyol","La Liga","Fernando Pacheco","ESP","GK","31-017",16,16,1440,16,33,2.06,88,54,67,4,3,9,3,18.8,5,4,1,0,20,"https://fbref.com/en/players/97852360/Fernando-Pacheco"
"2022-2023","Espanyol","La Liga","Álvaro Fernández","ESP","GK","25-052",11,11,990,11,18,1.64,50,33,64,3,4,4,2,18.2,0,0,0,0,NA,"https://fbref.com/en/players/f127d782/Alvaro-Fernandez"
"2022-2023","Espanyol","La Liga","Benjamin Lecomte","FRA","GK","32-039",10,10,899,10,14,1.4,40,27,65,1,5,4,1,10,0,0,0,0,NA,"https://fbref.com/en/players/2fa2a875/Benjamin-Lecomte"
"2022-2023","Elche","La Liga","Édgar Badía","ESP","GK","31-112",35,35,3150,35,62,1.77,197,134,72.1,5,9,21,4,11.4,10,7,3,0,30,"https://fbref.com/en/players/e4346678/Edgar-Badia"
"2022-2023","Elche","La Liga","Axel Werner","ARG","GK","27-096",2,2,180,2,4,2,8,4,50,0,0,2,0,0,0,0,0,0,NA,"https://fbref.com/en/players/c0b1a6da/Axel-Werner"
"2022-2023","Paris Saint-Germain","Ligue 1","Gianluigi Donnarumma","ITA","GK","24-099",38,38,3409,37.9,40,1.06,160,120,76.3,27,4,7,13,34.2,5,2,1,2,33.3,"https://fbref.com/en/players/08f5afaa/Gianluigi-Donnarumma"
"2022-2023","Paris Saint-Germain","Ligue 1","Alexandre Letellier","FRA","GK","32-175",1,0,11,0.1,0,0,0,0,NA,0,0,0,0,NA,0,0,0,0,NA,"https://fbref.com/en/players/96fcd380/Alexandre-Letellier"
"2022-2023","Lens","Ligue 1","Brice Samba","FRA","GK","29-040",37,37,3330,37,28,0.76,125,98,80,24,9,4,15,40.5,3,3,0,0,0,"https://fbref.com/en/players/60d90c55/Brice-Samba"
"2022-2023","Lens","Ligue 1","Jean-Louis Leca","FRA","GK","37-256",1,1,90,1,1,1,4,3,75,1,0,0,0,0,0,0,0,0,NA,"https://fbref.com/en/players/edbe46dc/Jean-Louis-Leca"
"2022-2023","Marseille","Ligue 1","Pau López","ESP","GK","28-173",33,32,2925,32.5,34,1.05,123,90,76.4,21,4,7,10,31.3,5,5,0,0,0,"https://fbref.com/en/players/20b9f052/Pau-Lopez"
"2022-2023","Marseille","Ligue 1","Rubén Blanco","ESP","GK","27-314",6,6,495,5.5,6,1.09,19,15,68.4,1,3,2,0,0,0,0,0,0,NA,"https://fbref.com/en/players/967f34d3/Ruben-Blanco"
"2022-2023","Rennes","Ligue 1","Steve Mandanda","FRA","GK","38-068",34,34,3014,33.5,31,0.93,110,79,73.6,19,5,10,12,35.3,3,2,1,0,33.3,"https://fbref.com/en/players/1d2d5cc8/Steve-Mandanda"
"2022-2023","Rennes","Ligue 1","Doğan Alemdar","TUR","GK","20-218",6,4,406,4.5,8,1.77,16,7,56.3,2,0,2,1,25,2,1,1,0,50,"https://fbref.com/en/players/9e17ccff/Dogan-Alemdar"
"2022-2023","Lille","Ligue 1","Lucas Chevalier","FRA","GK","21-210",32,32,2880,32,31,0.97,105,76,72.4,16,9,7,10,31.3,3,2,1,0,33.3,"https://fbref.com/en/players/b3d76d84/Lucas-Chevalier"
"2022-2023","Lille","Ligue 1","Leonardo César Jardim","BRA","GK","28-076",6,6,540,6,13,2.17,15,4,26.7,3,1,2,0,0,2,2,0,0,0,"https://fbref.com/en/players/f5dfc256/Leonardo-Cesar-Jardim"
"2022-2023","Monaco","Ligue 1","Alexander Nübel","GER","GK","26-247",38,38,3420,38,58,1.53,195,140,72.8,19,8,11,9,23.7,5,5,0,0,0,"https://fbref.com/en/players/afb0c500/Alexander-Nubel"
"2022-2023","Lyon","Ligue 1","Anthony Lopes","POR","GK","32-246",32,32,2816,31.3,39,1.25,131,94,75.6,16,4,12,7,21.9,7,7,0,0,0,"https://fbref.com/en/players/f00de885/Anthony-Lopes"
"2022-2023","Lyon","Ligue 1","Rémy Riou","FRA","GK","35-302",7,6,601,6.7,8,1.2,24,17,83.3,2,4,0,1,16.7,4,4,0,0,0,"https://fbref.com/en/players/7f41ee30/Remy-Riou"
"2022-2023","Clermont Foot","Ligue 1","Mory Diaw","SEN","GK","29-347",37,37,3330,37,47,1.27,161,110,75.8,17,8,12,10,27,12,8,4,0,33.3,"https://fbref.com/en/players/f41a69e6/Mory-Diaw"
"2022-2023","Clermont Foot","Ligue 1","Ouparine Djoco","SEN","GK","25-043",1,1,90,1,2,2,3,1,33.3,0,0,1,0,0,0,0,0,0,NA,"https://fbref.com/en/players/62124972/Ouparine-Djoco"
"2022-2023","Nice","Ligue 1","Kasper Schmeichel","DEN","GK","36-211",36,36,3240,36,35,0.97,141,105,77.3,15,12,9,11,30.6,5,3,1,1,25,"https://fbref.com/en/players/53af52f3/Kasper-Schmeichel"
"2022-2023","Nice","Ligue 1","Marcin Bułka","POL","GK","23-243",2,2,180,2,2,1,6,4,66.7,0,1,1,0,0,0,0,0,0,NA,"https://fbref.com/en/players/db87a2c4/Marcin-Bulka"
"2022-2023","Lorient","Ligue 1","Yvon Mvogo","SUI","GK","28-363",21,21,1812,20.1,29,1.44,98,70,71.4,11,4,6,3,14.3,1,1,0,0,0,"https://fbref.com/en/players/dc29b608/Yvon-Mvogo"
"2022-2023","Lorient","Ligue 1","Vito Mannone","ITA","GK","35-094",18,17,1608,17.9,24,1.34,84,60,72.6,4,6,7,5,29.4,1,1,0,0,0,"https://fbref.com/en/players/c4173f1a/Vito-Mannone"
"2022-2023","Reims","Ligue 1","Yehvann Diouf","FRA","GK","23-200",31,31,2790,31,31,1,137,107,78.1,11,12,8,14,45.2,1,1,0,0,0,"https://fbref.com/en/players/eedea60b/Yehvann-Diouf"
"2022-2023","Reims","Ligue 1","Patrick Pentz","AUT","GK","26-153",7,7,630,7,14,2,29,16,58.6,1,3,3,0,0,2,2,0,0,0,"https://fbref.com/en/players/0810b6df/Patrick-Pentz"
"2022-2023","Montpellier","Ligue 1","Benjamin Lecomte","FRA","GK","32-039",19,19,1710,19,22,1.16,96,72,79.2,10,3,6,8,42.1,4,2,2,0,50,"https://fbref.com/en/players/2fa2a875/Benjamin-Lecomte"
"2022-2023","Montpellier","Ligue 1","Jonas Omlin","SUI","GK","29-145",14,14,1166,13,26,2.01,73,48,68.5,5,1,8,2,14.3,4,3,1,0,25,"https://fbref.com/en/players/c631f952/Jonas-Omlin"
"2022-2023","Montpellier","Ligue 1","Bingourou Kamara","SEN","GK","26-226",5,4,408,4.5,11,2.43,25,13,60,0,1,3,0,0,3,1,1,1,50,"https://fbref.com/en/players/3814120d/Bingourou-Kamara"
"2022-2023","Montpellier","Ligue 1","Matis Carvalho","POR","GK","24-037",2,1,136,1.5,3,1.99,8,5,62.5,0,0,1,1,100,0,0,0,0,NA,"https://fbref.com/en/players/8608f269/Matis-Carvalho"
"2022-2023","Toulouse","Ligue 1","Maxime Dupé","FRA","GK","30-092",38,38,3420,38,57,1.5,179,122,70.4,13,9,16,9,23.7,7,4,3,0,42.9,"https://fbref.com/en/players/0e12089d/Maxime-Dupe"
"2022-2023","Brest","Ligue 1","Marco Bizot","NED","GK","32-086",37,37,3330,37,54,1.46,176,122,73.3,11,10,16,8,21.6,9,7,2,0,22.2,"https://fbref.com/en/players/3d214e5f/Marco-Bizot"
"2022-2023","Brest","Ligue 1","Joaquín Blázquez","ARG","GK","22-127",1,1,90,1,0,0,3,3,100,0,1,0,1,100,0,0,0,0,NA,"https://fbref.com/en/players/6a9e4913/Joaquin-Blazquez"
"2022-2023","Strasbourg","Ligue 1","Matz Sels","BEL","GK","31-098",38,38,3420,38,59,1.55,174,115,71.8,9,13,16,6,15.8,11,10,0,1,0,"https://fbref.com/en/players/834b5c4c/Matz-Sels"
"2022-2023","Nantes","Ligue 1","Alban Lafont","FRA","GK","24-132",37,37,3329,37,54,1.46,179,129,74.9,7,14,16,11,29.7,9,9,0,0,0,"https://fbref.com/en/players/4e7db402/Alban-Lafont"
"2022-2023","Nantes","Ligue 1","Rémy Descamps","FRA","GK","26-344",1,1,90,1,1,1,6,5,83.3,0,1,0,0,0,0,0,0,0,NA,"https://fbref.com/en/players/477e50ce/Remy-Descamps"
"2022-2023","Auxerre","Ligue 1","Benoît Costil","FRA","GK","35-336",19,19,1710,19,41,2.16,96,55,60.4,3,4,12,2,10.5,3,3,0,0,0,"https://fbref.com/en/players/2434f24a/Benoit-Costil"
"2022-2023","Auxerre","Ligue 1","Ionuț Radu","ROU","GK","26-007",17,17,1530,17,20,1.18,74,53,73,4,6,7,5,29.4,2,0,2,0,100,"https://fbref.com/en/players/67f649be/Ionut-Radu"
"2022-2023","Auxerre","Ligue 1","Donovan Léon","GUF","GK","30-213",2,2,180,2,2,1,11,9,90.9,1,1,0,0,0,1,1,0,0,0,"https://fbref.com/en/players/51c83a90/Donovan-Leon"
"2022-2023","Ajaccio","Ligue 1","Benjamin Leroy","FRA","GK","34-058",32,32,2798,31.1,60,1.93,133,74,60.9,6,4,22,4,12.5,9,8,0,1,0,"https://fbref.com/en/players/1e7aea56/Benjamin-Leroy"
"2022-2023","Ajaccio","Ligue 1","François-Joseph Sollacaro","FRA","GK","29-075",6,6,540,6,14,2.33,24,11,45.8,1,1,4,1,16.7,1,1,0,0,0,"https://fbref.com/en/players/f19f32b1/Francois-Joseph-Sollacaro"
"2022-2023","Ajaccio","Ligue 1","Ghjuvanni Quilichini","FRA","GK","20-276",1,0,82,0.9,0,0,4,4,100,0,0,0,1,NA,0,0,0,0,NA,"https://fbref.com/en/players/1b729a98/Ghjuvanni-Quilichini"
"2022-2023","Troyes","Ligue 1","Gauthier Gallon","FRA","GK","30-042",30,30,2667,29.6,65,2.19,177,114,66.1,3,9,18,0,0,5,5,0,0,0,"https://fbref.com/en/players/db3164e1/Gauthier-Gallon"
"2022-2023","Troyes","Ligue 1","Mateusz Lis","POL","GK","26-097",9,8,751,8.3,16,1.92,51,34,72.5,1,3,4,1,12.5,3,2,1,0,33.3,"https://fbref.com/en/players/fd78b105/Mateusz-Lis"
"2022-2023","Angers","Ligue 1","Paul Bernardoni","FRA","GK","26-047",27,27,2430,27,62,2.3,143,84,62.2,1,5,21,3,11.1,9,8,0,1,0,"https://fbref.com/en/players/28dabd43/Paul-Bernardoni"
"2022-2023","Angers","Ligue 1","Yahia Fofana","FRA","GK","22-287",11,11,990,11,19,1.73,54,35,66.7,3,1,7,1,9.1,2,1,1,0,50,"https://fbref.com/en/players/9d420dad/Yahia-Fofana"
"2022-2023","Bayern Munich","Bundesliga","Yann Sommer","SUI","GK","34-169",19,19,1710,19,25,1.32,55,30,67.3,11,4,4,5,26.3,7,7,0,0,0,"https://fbref.com/en/players/420c18a1/Yann-Sommer"
"2022-2023","Bayern Munich","Bundesliga","Manuel Neuer","GER","GK","37-069",12,12,1080,12,11,0.92,44,33,79.5,7,4,1,4,33.3,2,2,0,0,0,"https://fbref.com/en/players/8778c910/Manuel-Neuer"
"2022-2023","Bayern Munich","Bundesliga","Sven Ulreich","GER","GK","34-305",3,3,270,3,2,0.67,8,5,75,3,0,0,2,66.7,1,0,1,0,100,"https://fbref.com/en/players/7d3e7da6/Sven-Ulreich"
"2022-2023","Dortmund","Bundesliga","Gregor Kobel","SUI","GK","25-180",27,27,2430,27,32,1.19,119,88,73.9,19,3,5,11,40.7,1,1,0,0,0,"https://fbref.com/en/players/cd59b9df/Gregor-Kobel"
"2022-2023","Dortmund","Bundesliga","Alexander Meyer","GER","GK","32-052",7,7,630,7,12,1.71,32,20,62.5,3,2,2,1,14.3,0,0,0,0,NA,"https://fbref.com/en/players/b56dd813/Alexander-Meyer"
"2022-2023","RB Leipzig","Bundesliga","Janis Blaswich","GER","GK","32-033",26,26,2340,26,29,1.12,75,45,69.3,16,4,6,7,26.9,7,6,1,0,14.3,"https://fbref.com/en/players/663e080e/Janis-Blaswich"
"2022-2023","RB Leipzig","Bundesliga","Péter Gulácsi","HUN","GK","33-029",6,6,540,6,10,1.67,26,17,65.4,2,2,2,2,33.3,1,1,0,0,0,"https://fbref.com/en/players/bcb2ccd8/Peter-Gulacsi"
"2022-2023","RB Leipzig","Bundesliga","Ørjan Nyland","NOR","GK","32-267",2,2,180,2,2,1,5,4,60,2,0,0,1,50,0,0,0,0,NA,"https://fbref.com/en/players/bdedffac/Orjan-Nyland"
"2022-2023","Union Berlin","Bundesliga","Frederik Rønnow","DEN","GK","30-304",29,29,2610,29,27,0.93,119,92,81.5,16,7,6,11,37.9,5,5,0,0,0,"https://fbref.com/en/players/a70b8345/Frederik-Ronnow"
"2022-2023","Union Berlin","Bundesliga","Lennart Grill","GER","GK","24-130",5,5,450,5,11,2.2,25,14,64,2,1,2,2,40,2,2,0,0,0,"https://fbref.com/en/players/37998008/Lennart-Grill"
"2022-2023","Freiburg","Bundesliga","Mark Flekken","NED","GK","29-356",34,34,3060,34,44,1.29,150,106,74,17,8,9,13,38.2,6,5,0,1,0,"https://fbref.com/en/players/a92ab7be/Mark-Flekken"
"2022-2023","Bayer Leverkusen","Bundesliga","Lukáš Hrádecký","FIN","GK","33-192",33,33,2969,33,47,1.42,142,97,71.8,14,8,11,9,27.3,7,7,0,0,0,"https://fbref.com/en/players/ad3389d5/Lukas-Hradecky"
"2022-2023","Bayer Leverkusen","Bundesliga","Andrey Lunyov","RUS","GK","31-203",1,1,90,1,2,2,4,2,50,0,0,1,0,0,0,0,0,0,NA,"https://fbref.com/en/players/8a6ab963/Andrey-Lunyov"
"2022-2023","Eintracht Frankfurt","Bundesliga","Kevin Trapp","GER","GK","32-331",33,33,2970,33,51,1.55,130,80,62.3,13,10,10,6,18.2,2,2,0,0,0,"https://fbref.com/en/players/ce17b5eb/Kevin-Trapp"
"2022-2023","Eintracht Frankfurt","Bundesliga","Diant Ramaj","GER","GK","21-258",1,1,90,1,1,1,5,4,80,0,1,0,0,0,0,0,0,0,NA,"https://fbref.com/en/players/b90c4a43/Diant-Ramaj"
"2022-2023","Wolfsburg","Bundesliga","Koen Casteels","BEL","GK","30-344",34,34,3060,34,48,1.41,147,101,70.1,13,10,11,12,35.3,7,4,1,2,20,"https://fbref.com/en/players/db401046/Koen-Casteels"
"2022-2023","Mainz 05","Bundesliga","Robin Zentner","GER","GK","28-219",26,26,2340,26,39,1.5,109,69,67,9,8,9,7,26.9,5,3,1,1,25,"https://fbref.com/en/players/5c4bf6ba/Robin-Zentner"
"2022-2023","Mainz 05","Bundesliga","Finn Dahmen","GER","GK","25-069",8,8,720,8,16,2,44,26,65.9,3,2,3,0,0,3,1,2,0,66.7,"https://fbref.com/en/players/dee3013b/Finn-Dahmen"
"2022-2023","Mönchengladbach","Bundesliga","Jonas Omlin","SUI","GK","29-145",15,15,1290,14.3,18,1.26,56,38,71.4,5,4,6,5,33.3,2,2,0,0,0,"https://fbref.com/en/players/c631f952/Jonas-Omlin"
"2022-2023","Mönchengladbach","Bundesliga","Yann Sommer","SUI","GK","34-169",10,10,900,10,14,1.4,60,47,80,4,4,2,3,30,2,2,0,0,0,"https://fbref.com/en/players/420c18a1/Yann-Sommer"
"2022-2023","Mönchengladbach","Bundesliga","Tobias Sippel","GER","GK","35-074",6,5,510,5.7,12,2.12,33,21,66.7,1,1,3,1,20,1,1,0,0,0,"https://fbref.com/en/players/0d8a37c2/Tobias-Sippel"
"2022-2023","Mönchengladbach","Bundesliga","Jan Jakob Olschowsky","GER","GK","21-198",4,4,360,4,11,2.75,31,20,67.7,1,1,2,0,0,1,1,0,0,0,"https://fbref.com/en/players/fa4cabd1/Jan-Jakob-Olschowsky"
"2022-2023","Köln","Bundesliga","Marvin Schwäbe","GER","GK","28-040",34,34,3060,34,54,1.59,129,77,61.2,10,12,12,6,17.6,5,4,1,0,20,"https://fbref.com/en/players/87436846/Marvin-Schwabe"
"2022-2023","Hoffenheim","Bundesliga","Oliver Baumann","GER","GK","33-002",34,34,3060,34,57,1.68,161,105,65.8,10,6,18,5,14.7,3,2,0,1,0,"https://fbref.com/en/players/47064058/Oliver-Baumann"
"2022-2023","Werder Bremen","Bundesliga","Jiří Pavlenka","CZE","GK","31-051",33,33,2908,32.3,61,1.89,170,110,65.3,10,5,18,4,12.1,3,2,1,0,33.3,"https://fbref.com/en/players/0a1cb833/Jiri-Pavlenka"
"2022-2023","Werder Bremen","Bundesliga","Michael Zetterer","GER","GK","27-327",2,1,152,1.7,3,1.78,14,11,78.6,0,1,0,0,0,0,0,0,0,NA,"https://fbref.com/en/players/9b688ae1/Michael-Zetterer"
"2022-2023","Bochum","Bundesliga","Manuel Riemann","GER","GK","34-268",34,34,3060,34,72,2.12,200,128,68,10,5,19,5,14.7,14,8,3,3,27.3,"https://fbref.com/en/players/9f941969/Manuel-Riemann"
"2022-2023","Augsburg","Bundesliga","Rafał Gikiewicz","POL","GK","35-221",23,23,2070,23,41,1.78,136,93,70.6,8,3,12,5,21.7,4,1,2,1,66.7,"https://fbref.com/en/players/17376543/Rafal-Gikiewicz"
"2022-2023","Augsburg","Bundesliga","Tomáš Koubek","CZE","GK","30-282",11,11,990,11,22,2,65,45,66.2,1,4,6,1,9.1,0,0,0,0,NA,"https://fbref.com/en/players/dc366c36/Tomas-Koubek"
"2022-2023","Stuttgart","Bundesliga","Florian Müller","GER","GK","25-203",19,19,1710,19,34,1.79,87,53,62.1,3,7,9,1,5.3,1,1,0,0,0,"https://fbref.com/en/players/cbac6ec9/Florian-Muller"
"2022-2023","Stuttgart","Bundesliga","Fabian Bredlow","GER","GK","28-094",15,15,1350,15,23,1.53,59,37,69.5,4,5,6,1,6.7,5,5,0,0,0,"https://fbref.com/en/players/d28339cb/Fabian-Bredlow"
"2022-2023","Schalke 04","Bundesliga","Alexander Schwolow","GER","GK","31-002",23,22,2035,22.6,58,2.57,138,80,60.9,4,4,14,2,9.1,4,4,0,0,0,"https://fbref.com/en/players/0d55d942/Alexander-Schwolow"
"2022-2023","Schalke 04","Bundesliga","Ralf Fährmann","GER","GK","34-250",12,12,1025,11.4,13,1.14,55,43,78.2,3,6,3,5,41.7,2,1,0,1,0,"https://fbref.com/en/players/1e43fad8/Ralf-Fahrmann"
"2022-2023","Hertha BSC","Bundesliga","Oliver Christensen","DEN","GK","24-074",33,33,2970,33,68,2.06,163,94,61.3,6,8,19,3,9.1,6,5,1,0,16.7,"https://fbref.com/en/players/af104654/Oliver-Christensen"
"2022-2023","Hertha BSC","Bundesliga","Tjark Ernst","GER","GK","20-081",1,1,90,1,1,1,7,6,85.7,1,0,0,0,0,0,0,0,0,NA,"https://fbref.com/en/players/3f6c3ae0/Tjark-Ernst"
"2022-2023","Burnley","Championship","Arijanet Muric","KVX","GK","23",41,41,3614,40.2,31,0.77,124,92,76.6,26,12,3,17,41.5,3,2,1,0,33.3,"https://fbref.com/en/players/99aa1a84/Arijanet-Muric"
"2022-2023","Burnley","Championship","Bailey Peacock-Farrell","NIR","GK","25",8,5,526,5.8,4,0.68,10,7,60,3,2,0,4,80,0,0,0,0,NA,"https://fbref.com/en/players/4879f8cb/Bailey-Peacock-Farrell"
"2022-2023","Sheffield United","Championship","Wes Foderingham","ENG","GK","31",40,40,3512,39,32,0.82,106,74,69.8,24,6,10,17,42.5,1,0,1,0,100,"https://fbref.com/en/players/96cf7b61/Wes-Foderingham"
"2022-2023","Sheffield United","Championship","Adam Davies","WAL","GK","30",7,6,612,6.8,7,1.03,27,19,81.5,4,1,1,2,33.3,3,2,1,0,33.3,"https://fbref.com/en/players/71894777/Adam-Davies"
"2022-2023","Sheffield United","Championship","Jordan Amissah","GER","GK","20",1,0,13,0.1,0,0,1,1,100,0,0,0,0,NA,0,0,0,0,NA,"https://fbref.com/en/players/50fc4c0a/Jordan-Amissah"
"2022-2023","Luton Town","Championship","Ethan Horvath","USA","GK","27",44,44,3960,44,37,0.84,124,90,74.2,21,16,7,19,43.2,5,5,0,0,0,"https://fbref.com/en/players/3f65d5ce/Ethan-Horvath"
"2022-2023","Luton Town","Championship","Harvey Isted","ENG","GK","25",1,1,90,1,2,2,2,1,0,0,0,1,0,0,0,0,0,0,NA,"https://fbref.com/en/players/bbb09699/Harvey-Isted"
"2022-2023","Luton Town","Championship","James Shea","ENG","GK","31",1,1,90,1,0,0,1,1,100,0,1,0,1,100,0,0,0,0,NA,"https://fbref.com/en/players/ee7c0a5e/James-Shea"
"2022-2023","Middlesbrough","Championship","Zack Steffen","USA","GK","27",42,42,3780,42,50,1.19,153,104,68,20,9,13,9,21.4,2,1,1,0,50,"https://fbref.com/en/players/42130443/Zack-Steffen"
"2022-2023","Middlesbrough","Championship","Liam Roberts","ENG","GK","27",4,4,360,4,6,1.5,14,8,64.3,2,0,2,1,25,1,1,0,0,0,"https://fbref.com/en/players/91977af7/Liam-Roberts"
"2022-2023","Coventry City","Championship","Ben Wilson","ENG","GK","29",43,43,3870,43,39,0.91,141,104,73,18,15,10,20,46.5,1,1,0,0,0,"https://fbref.com/en/players/0118dd71/Ben-Wilson"
"2022-2023","Coventry City","Championship","Simon Moore","ENG","GK","32",3,3,270,3,7,2.33,15,8,53.3,0,1,2,0,0,0,0,0,0,NA,"https://fbref.com/en/players/e7434f04/Simon-Moore"
"2022-2023","Sunderland","Championship","Anthony Patterson","ENG","GK","22",46,46,4140,46,55,1.2,163,108,68.1,18,15,13,14,30.4,6,3,2,1,40,"https://fbref.com/en/players/b2470c6f/Anthony-Patterson"
"2022-2023","Blackburn Rovers","Championship","Thomas Kaminski","BEL","GK","29",28,28,2520,28,35,1.25,118,83,71.2,14,1,13,10,35.7,1,1,0,0,0,"https://fbref.com/en/players/1caa93a5/Thomas-Kaminski"
"2022-2023","Blackburn Rovers","Championship","Aynsley Pears","ENG","GK","24",18,18,1620,18,19,1.06,58,40,67.2,6,8,4,5,27.8,0,0,0,0,NA,"https://fbref.com/en/players/dfa084b2/Aynsley-Pears"
"2022-2023","Millwall","Championship","George Long","ENG","GK","28",36,36,3240,36,37,1.03,104,69,66.3,15,10,11,12,33.3,2,2,0,0,0,"https://fbref.com/en/players/754e3f2d/George-Long"
"2022-2023","Millwall","Championship","Bartosz Białkowski","POL","GK","35",10,10,900,10,13,1.3,46,32,71.7,4,1,5,3,30,1,0,1,0,100,"https://fbref.com/en/players/4b5e809f/Bartosz-Bialkowski"
"2022-2023","West Bromwich Albion","Championship","Alex Palmer","ENG","GK","25",23,23,2070,23,22,0.96,71,49,71.8,13,1,9,10,43.5,2,2,0,0,0,"https://fbref.com/en/players/6ea97fd5/Alex-Palmer"
"2022-2023","West Bromwich Albion","Championship","David Button","ENG","GK","33",13,13,1170,13,19,1.46,37,17,51.4,2,7,4,2,15.4,2,1,1,0,50,"https://fbref.com/en/players/e608ed4c/David-Button"
"2022-2023","West Bromwich Albion","Championship","Joshua Griffiths","ENG","GK","20",10,10,900,10,12,1.2,37,26,67.6,3,4,3,4,40,0,0,0,0,NA,"https://fbref.com/en/players/d6303703/Joshua-Griffiths"
"2022-2023","Swansea City","Championship","Andy Fisher","ENG","GK","24",26,25,2280,25.3,37,1.46,96,61,63.5,9,6,10,6,24,3,2,1,0,33.3,"https://fbref.com/en/players/d0254cd8/Andy-Fisher"
"2022-2023","Swansea City","Championship","Steven Benda","GER","GK","23",21,21,1860,20.7,27,1.31,69,41,60.9,9,6,6,5,23.8,2,0,1,1,100,"https://fbref.com/en/players/caaa7fab/Steven-Benda"
"2022-2023","Watford","Championship","Daniel Bachmann","AUT","GK","28",45,45,4049,45,51,1.13,186,136,73.7,16,14,15,16,35.6,2,2,0,0,0,"https://fbref.com/en/players/1c0eea98/Daniel-Bachmann"
"2022-2023","Watford","Championship","Ben Hamer","ENG","GK","34",1,1,90,1,2,2,6,4,66.7,0,1,0,0,0,0,0,0,0,NA,"https://fbref.com/en/players/d822a850/Ben-Hamer"
"2022-2023","Preston North End","Championship","Freddie Woodman","ENG","GK","25",46,46,4140,46,59,1.28,179,121,67.6,17,12,17,17,37,1,1,0,0,0,"https://fbref.com/en/players/19e50035/Freddie-Woodman"
"2022-2023","Norwich City","Championship","Angus Gunn","SCO","GK","26",30,30,2700,30,36,1.2,121,86,71.9,8,8,14,7,23.3,3,2,1,0,33.3,"https://fbref.com/en/players/e082af5b/Angus-Gunn"
"2022-2023","Norwich City","Championship","Tim Krul","NED","GK","34",16,16,1440,16,18,1.13,55,37,67.3,9,3,4,5,31.3,0,0,0,0,NA,"https://fbref.com/en/players/f23f9d20/Tim-Krul"
"2022-2023","Bristol City","Championship","Max O'Leary","IRL","GK","25",33,33,2970,33,35,1.06,110,75,70,11,11,11,8,24.2,3,2,1,0,33.3,"https://fbref.com/en/players/a77c1ce8/Max-OLeary"
"2022-2023","Bristol City","Championship","Daniel Bentley","ENG","GK","29",13,13,1170,13,21,1.62,56,35,64.3,4,3,6,4,30.8,1,1,0,0,0,"https://fbref.com/en/players/68db6358/Daniel-Bentley"
"2022-2023","Hull City","Championship","Matt Ingram","ENG","GK","28",22,22,1980,22,26,1.18,98,72,75.5,7,9,6,8,36.4,3,2,1,0,33.3,"https://fbref.com/en/players/6f9dcb31/Matt-Ingram"
"2022-2023","Hull City","Championship","Nathan Baxter","ENG","GK","23",12,12,1080,12,21,1.75,46,30,56.5,4,1,7,1,8.3,2,1,0,1,0,"https://fbref.com/en/players/5cfbc814/Nathan-Baxter"
"2022-2023","Hull City","Championship","Karl Darlow","ENG","GK","31",12,12,1080,12,14,1.17,48,34,75,3,6,3,5,41.7,2,2,0,0,0,"https://fbref.com/en/players/cde3309f/Karl-Darlow"
"2022-2023","Stoke City","Championship","Jack Bonham","IRL","GK","28",23,22,2025,22.5,26,1.16,67,41,62.7,6,7,9,6,27.3,2,1,1,0,50,"https://fbref.com/en/players/3539472e/Jack-Bonham"
"2022-2023","Stoke City","Championship","Josef Bursik","ENG","GK","22",16,16,1440,16,22,1.37,58,37,62.1,5,3,8,5,31.3,0,0,0,0,NA,"https://fbref.com/en/players/16b6648e/Josef-Bursik"
"2022-2023","Stoke City","Championship","Matija Šarkić","MNE","GK","25",8,8,675,7.5,6,0.8,22,16,72.7,3,1,4,2,25,0,0,0,0,NA,"https://fbref.com/en/players/a89e7b29/Matija-Sarkic"
"2022-2023","Birmingham City","Championship","John Ruddy","ENG","GK","35",43,43,3817,42.4,53,1.25,157,102,67.5,14,11,18,13,30.2,4,2,2,0,50,"https://fbref.com/en/players/da8b19e2/John-Ruddy"
"2022-2023","Birmingham City","Championship","Neil Etheridge","PHI","GK","32",4,3,323,3.6,5,1.39,16,11,75,0,0,3,1,33.3,1,1,0,0,0,"https://fbref.com/en/players/2642bf6c/Neil-Etheridge"
"2022-2023","Huddersfield Town","Championship","Lee Nicholls","ENG","GK","29",28,28,2520,28,33,1.18,116,82,72.4,10,4,14,8,28.6,3,1,2,0,66.7,"https://fbref.com/en/players/b105cebe/Lee-Nicholls"
"2022-2023","Huddersfield Town","Championship","Tomáš Vaclík","CZE","GK","33",13,13,1140,12.7,16,1.26,57,41,75.4,3,6,4,2,15.4,2,2,0,0,0,"https://fbref.com/en/players/7b456af7/Tomas-Vaclik"
"2022-2023","Huddersfield Town","Championship","Nicholas Bilokapic","AUS","GK","19",6,5,480,5.3,13,2.44,33,20,60.6,1,1,3,0,0,0,0,0,0,NA,"https://fbref.com/en/players/b48dcb27/Nicholas-Bilokapic"
"2022-2023","Rotherham United","Championship","Viktor Johansson","SWE","GK","23",43,43,3870,43,56,1.3,211,157,75.4,11,15,17,13,30.2,6,4,1,1,20,"https://fbref.com/en/players/e4a588a7/Viktor-Johansson"
"2022-2023","Rotherham United","Championship","Josh Vickers","ENG","GK","26",3,3,225,2.5,3,1.2,10,6,70,0,2,1,1,33.3,1,0,1,0,100,"https://fbref.com/en/players/20f077eb/Josh-Vickers"
"2022-2023","Rotherham United","Championship","Robbie Hemfrey","SCO","GK","20",1,0,45,0.5,1,2,6,5,83.3,0,0,0,0,NA,0,0,0,0,NA,"https://fbref.com/en/players/d3ce8b72/Robbie-Hemfrey"
"2022-2023","Queens Park Rangers","Championship","Seny Dieng","SEN","GK","27",46,46,4140,46,71,1.54,187,115,64.2,13,11,22,9,19.6,6,4,2,0,33.3,"https://fbref.com/en/players/c135cddd/Seny-Dieng"
"2022-2023","Cardiff City","Championship","Ryan Allsop","ENG","GK","30",43,43,3845,42.7,53,1.24,142,87,64.1,12,10,21,11,25.6,4,2,2,0,50,"https://fbref.com/en/players/af615123/Ryan-Allsop"
"2022-2023","Cardiff City","Championship","Jak Alnwick","ENG","GK","29",4,3,293,3.3,4,1.23,9,6,55.6,1,0,2,0,0,0,0,0,0,NA,"https://fbref.com/en/players/b0835fc0/Jak-Alnwick"
"2022-2023","Cardiff City","Championship","Rohan Luthra","ENG","GK","21",1,0,1,0,1,90,2,1,50,0,0,0,0,NA,0,0,0,0,NA,"https://fbref.com/en/players/cfe4625e/Rohan-Luthra"
"2022-2023","Reading","Championship","Joe Lumley","ENG","GK","27",41,41,3631,40.3,57,1.41,154,97,65.6,11,11,19,7,17.1,4,4,0,0,0,"https://fbref.com/en/players/bdf3a08e/Joe-Lumley"
"2022-2023","Reading","Championship","Dean Bouzanis","AUS","GK","31",5,4,419,4.7,9,1.93,18,9,61.1,2,0,2,1,25,2,2,0,0,0,"https://fbref.com/en/players/0248e806/Dean-Bouzanis"
"2022-2023","Reading","Championship","Coniah Boyce-Clarke","JAM","GK","19",1,1,90,1,2,2,6,4,66.7,0,0,1,0,0,0,0,0,0,NA,"https://fbref.com/en/players/94a01643/Coniah-Boyce-Clarke"
"2022-2023","Blackpool","Championship","Chris Maxwell","WAL","GK","32",28,28,2520,28,48,1.71,131,86,66.4,5,7,16,5,17.9,5,4,0,1,0,"https://fbref.com/en/players/609f9b60/Chris-Maxwell"
"2022-2023","Blackpool","Championship","Daniel Grimshaw","ENG","GK","24",18,18,1620,18,24,1.33,84,61,72.6,6,4,8,6,33.3,1,1,0,0,0,"https://fbref.com/en/players/5397e7d8/Daniel-Grimshaw"
"2022-2023","Wigan Athletic","Championship","Ben Amos","ENG","GK","32",29,29,2572,28.6,35,1.22,88,53,62.5,5,11,13,7,24.1,3,2,0,1,0,"https://fbref.com/en/players/f6799cd2/Ben-Amos"
"2022-2023","Wigan Athletic","Championship","Jamie Jones","ENG","GK","33",17,16,1478,16.4,30,1.83,69,39,59.4,5,3,8,2,12.5,2,2,0,0,0,"https://fbref.com/en/players/8bba5887/Jamie-Jones"
"2022-2023","Wigan Athletic","Championship","Sam Tickle","ENG","GK","20",1,1,90,1,0,0,2,2,100,0,1,0,1,100,0,0,0,0,NA,"https://fbref.com/en/players/e9f1c4de/Sam-Tickle"
"2022-2023","Feyenoord","Eredivisie","Justin Bijlow","NED","GK","25-133",25,25,2250,25,19,0.76,77,59,75.3,17,6,2,12,48,0,0,0,0,NA,"https://fbref.com/en/players/53d93280/Justin-Bijlow"
"2022-2023","Feyenoord","Eredivisie","Timon Wellenreuther","GER","GK","27-183",9,9,810,9,11,1.22,26,15,57.7,8,1,0,1,11.1,1,0,1,0,100,"https://fbref.com/en/players/2f18d0b8/Timon-Wellenreuther"
"2022-2023","PSV Eindhoven","Eredivisie","Walter Benítez","ARG","GK","30-136",30,30,2700,30,35,1.17,106,71,68.9,20,5,5,10,33.3,2,2,0,0,0,"https://fbref.com/en/players/8a2248b4/Walter-Benitez"
"2022-2023","PSV Eindhoven","Eredivisie","Joel Drommel","NED","GK","26-200",4,4,360,4,5,1.25,15,12,66.7,3,1,0,1,25,0,0,0,0,NA,"https://fbref.com/en/players/510c6a3f/Joel-Drommel"
"2022-2023","Ajax","Eredivisie","Gerónimo Rulli","ARG","GK","31-015",19,19,1710,19,20,1.05,64,44,70.3,11,5,3,7,36.8,1,1,0,0,0,"https://fbref.com/en/players/625c144a/Geronimo-Rulli"
"2022-2023","Ajax","Eredivisie","Remko Pasveer","NED","GK","39-208",15,15,1350,15,18,1.2,50,32,64,9,4,2,4,26.7,0,0,0,0,NA,"https://fbref.com/en/players/3392603d/Remko-Pasveer"
"2022-2023","AZ Alkmaar","Eredivisie","Mathew Ryan","AUS","GK","31-057",18,18,1620,18,18,1,45,27,66.7,10,4,4,7,38.9,3,3,0,0,0,"https://fbref.com/en/players/4535e4bb/Mathew-Ryan"
"2022-2023","AZ Alkmaar","Eredivisie","Hobie Verhulst","NED","GK","30-063",16,16,1440,16,17,1.06,51,33,68.6,10,3,3,5,31.3,2,1,1,0,50,"https://fbref.com/en/players/9f82f7c2/Hobie-Verhulst"
"2022-2023","Twente","Eredivisie","Lars Unnerstall","GER","GK","32-319",33,33,2970,33,27,0.82,123,96,78.9,17,10,6,16,48.5,2,1,1,0,50,"https://fbref.com/en/players/4b1793b0/Lars-Unnerstall"
"2022-2023","Twente","Eredivisie","Przemysław Tytoń","POL","GK","36-151",1,1,90,1,0,0,1,1,100,1,0,0,1,100,0,0,0,0,NA,"https://fbref.com/en/players/1fa85681/Przemyslaw-Tyton"
"2022-2023","Sparta Rotterdam","","Nick Olij","NED","GK","27-307",32,32,2880,32,34,1.06,151,117,78.8,16,7,9,14,43.8,3,2,1,0,33.3,"https://fbref.com/en/players/fdc67d9a/Nick-Olij"
"2022-2023","Sparta Rotterdam","","Youri Schoonderwaldt","NED","GK","23-083",2,2,180,2,3,1.5,7,4,57.1,1,1,0,0,0,0,0,0,0,NA,"https://fbref.com/en/players/06b4ef33/Youri-Schoonderwaldt"
"2022-2023","Utrecht","","Vasilios Barkas","GRE","GK","29-005",32,32,2880,32,50,1.56,154,104,68.2,14,8,10,10,31.3,1,1,0,0,0,"https://fbref.com/en/players/c2e41cfb/Vasilios-Barkas"
"2022-2023","Utrecht","","Fabian de Keijzer","NED","GK","23-025",2,2,180,2,0,0,6,6,100,1,1,0,2,100,0,0,0,0,NA,"https://fbref.com/en/players/fdfc9ace/Fabian-de-Keijzer"
"2022-2023","Heerenveen","","Andries Noppert","NED","GK","29-058",18,18,1619,18,16,0.89,67,51,77.6,8,6,4,7,38.9,1,1,0,0,0,"https://fbref.com/en/players/2dc9d6fb/Andries-Noppert"
"2022-2023","Heerenveen","","Xavier Mous","NED","GK","27-304",16,16,1440,16,34,2.12,77,43,59.7,4,4,8,2,12.5,4,3,1,0,25,"https://fbref.com/en/players/76609a3c/Xavier-Mous"
"2022-2023","Heerenveen","","Jan Bekkema","NED","GK","27-056",1,0,1,0,0,0,0,0,NA,0,0,0,1,NA,0,0,0,0,NA,"https://fbref.com/en/players/1ee6da56/Jan-Bekkema"
"2022-2023","RKC Waalwijk","","Etienne Vaessen","NED","GK","27-313",32,32,2880,32,55,1.72,188,132,72.9,11,8,13,6,18.8,7,4,2,1,33.3,"https://fbref.com/en/players/5622d68b/Etienne-Vaessen"
"2022-2023","RKC Waalwijk","","Joel Castro Pereira","POR","GK","26-341",2,2,180,2,9,4.5,20,11,60,0,0,2,0,0,1,1,0,0,0,"https://fbref.com/en/players/881e5db7/Joel-Castro-Pereira"
"2022-2023","Vitesse","","Kjell Scherpen","NED","GK","23-132",26,26,2290,25.4,31,1.22,97,66,68,8,7,11,6,23.1,1,0,1,0,100,"https://fbref.com/en/players/f0e4c69e/Kjell-Scherpen"
"2022-2023","Vitesse","","Daan Reiziger","NED","GK","21-351",8,6,576,6.4,11,1.72,24,13,58.3,2,3,1,2,33.3,1,1,0,0,0,"https://fbref.com/en/players/78ddabe7/Daan-Reiziger"
"2022-2023","Vitesse","","Jeroen Houwen","NED","GK","27-106",3,2,194,2.2,8,3.71,14,6,42.9,0,0,2,1,50,0,0,0,0,NA,"https://fbref.com/en/players/6d8ec266/Jeroen-Houwen"
"2022-2023","Go Ahead Eagles","","Jeffrey De Lange","NED","GK","25-064",34,34,3060,34,56,1.65,172,117,68.6,10,10,14,8,23.5,2,2,0,0,0,"https://fbref.com/en/players/c31cf14b/Jeffrey-De-Lange"
"2022-2023","NEC Nijmegen","","Jasper Cillessen","NED","GK","34-043",32,32,2880,32,43,1.34,178,136,77.5,8,14,10,9,28.1,3,3,0,0,0,"https://fbref.com/en/players/04ac8285/Jasper-Cillessen"
"2022-2023","NEC Nijmegen","","Mattijs Branderhorst","NED","GK","29-155",2,2,180,2,2,1,5,3,80,0,1,1,0,0,1,1,0,0,0,"https://fbref.com/en/players/b74a2c78/Mattijs-Branderhorst"
"2022-2023","Fortuna Sittard","","Ivor Pandur","CRO","GK","23-071",31,31,2790,31,52,1.68,165,115,70.3,10,6,15,7,22.6,3,3,0,0,0,"https://fbref.com/en/players/457cb02f/Ivor-Pandur"
"2022-2023","Fortuna Sittard","","Yanick van Osch","NED","GK","26-072",3,3,270,3,10,3.33,19,9,47.4,0,0,3,0,0,0,0,0,0,NA,"https://fbref.com/en/players/f1655231/Yanick-van-Osch"
"2022-2023","Volendam","","Filip Stankovic","SRB","GK","21-099",33,33,2970,33,71,2.15,203,134,66,9,6,18,4,12.1,4,2,2,0,50,"https://fbref.com/en/players/d34d8ed2/Filip-Stankovic"
"2022-2023","Volendam","","Barry Lauwers","NED","GK","23-187",1,1,90,1,0,0,1,1,100,1,0,0,1,100,0,0,0,0,NA,"https://fbref.com/en/players/006d23cd/Barry-Lauwers"
"2022-2023","Excelsior","","Stijn van Gassel","NED","GK","26-229",34,34,3032,33.7,71,2.11,239,170,70.7,9,5,20,8,23.5,1,1,0,0,0,"https://fbref.com/en/players/af72ff2d/Stijn-van-Gassel"
"2022-2023","Excelsior","","Norbert Alblas","NED","GK","28-174",1,0,28,0.3,0,0,2,2,100,0,0,0,0,NA,0,0,0,0,NA,"https://fbref.com/en/players/e3af40a2/Norbert-Alblas"
"2022-2023","Emmen","Eredivisie","Mickey van der Hart","NED","GK","28-356",25,25,2250,25,44,1.76,122,78,65.6,5,8,12,6,24,2,2,0,0,0,"https://fbref.com/en/players/1184dd60/Mickey-van-der-Hart"
"2022-2023","Emmen","Eredivisie","Eric Oelschlägel","GER","GK","27-257",9,9,810,9,21,2.33,42,22,50,1,2,6,1,11.1,0,0,0,0,NA,"https://fbref.com/en/players/dbb329c6/Eric-Oelschlagel"
"2022-2023","Cambuur","","João Virgínia","POR","GK","23-237",17,17,1530,17,28,1.65,103,76,75.7,2,3,12,4,23.5,3,3,0,0,0,"https://fbref.com/en/players/728e9b2e/Joao-Virginia"
"2022-2023","Cambuur","","Robbin Ruiter","NED","GK","36-071",16,16,1440,16,37,2.31,99,64,65.7,3,1,12,3,18.8,4,3,0,1,0,"https://fbref.com/en/players/911680d8/Robbin-Ruiter"
"2022-2023","Cambuur","","Brett Minnema","NED","GK","21-149",1,1,90,1,4,4,5,1,20,0,0,1,0,0,0,0,0,0,NA,"https://fbref.com/en/players/e138915c/Brett-Minnema"
"2022-2023","Groningen","","Michael Verrips","NED","GK","26-183",24,24,2160,24,49,2.04,119,70,62.2,3,4,17,3,12.5,4,4,0,0,0,"https://fbref.com/en/players/424595d5/Michael-Verrips"
"2022-2023","Groningen","","Peter Leeuwenburgh","NED","GK","29-073",8,8,673,7.5,14,1.87,42,28,71.4,0,2,6,1,12.5,2,2,0,0,0,"https://fbref.com/en/players/b7135640/Peter-Leeuwenburgh"
"2022-2023","Groningen","","Jan de Boer","NED","GK","23-015",3,2,226,2.5,12,4.78,31,19,64.5,1,0,1,0,0,1,1,0,0,0,"https://fbref.com/en/players/cb57cab3/Jan-de-Boer"
"2022-2023","Benfica","Primeira Liga","Odisseas Vlachodimos","GRE","GK","29-039",34,34,3057,34,20,0.59,72,53,75,28,3,3,20,58.8,2,2,0,0,0,"https://fbref.com/en/players/03df04ff/Odisseas-Vlachodimos"
"2022-2023","Benfica","Primeira Liga","Samuel Soares","POR","GK","20-354",1,0,3,0,0,0,1,1,100,0,0,0,1,NA,0,0,0,0,NA,"https://fbref.com/en/players/244ff834/Samuel-Soares"
"2022-2023","Porto","Primeira Liga","Diogo Costa","POR","GK","23-258",33,33,2970,33,22,0.67,79,60,77.2,26,4,3,16,48.5,4,4,0,0,0,"https://fbref.com/en/players/93fffbcf/Diogo-Costa"
"2022-2023","Porto","Primeira Liga","Cláudio Ramos","POR","GK","31-200",1,1,90,1,0,0,0,0,NA,1,0,0,1,100,0,0,0,0,NA,"https://fbref.com/en/players/23505094/Claudio-Ramos"
"2022-2023","Braga","Primeira Liga","Matheus","BRA","GK","30-320",32,32,2873,31.9,28,0.88,109,81,78,24,3,5,16,50,5,4,0,1,0,"https://fbref.com/en/players/ef3909cd/Matheus"
"2022-2023","Braga","Primeira Liga","Tiago Sá","POR","GK","28-144",3,2,167,1.9,2,1.08,4,2,50,1,0,1,0,0,0,0,0,0,NA,"https://fbref.com/en/players/fd834d1d/Tiago-Sa"
"2022-2023","Braga","Primeira Liga","Lukáš Horníček","CZE","GK","20-326",1,0,18,0.2,0,0,0,0,NA,0,0,0,1,NA,0,0,0,0,NA,"https://fbref.com/en/players/cc8312b4/Lukas-Hornicek"
"2022-2023","Sporting CP","Primeira Liga","Antonio Adán","ESP","GK","36-022",31,31,2789,31,29,0.94,91,63,72.5,21,4,6,13,41.9,4,4,0,0,0,"https://fbref.com/en/players/65d62814/Antonio-Adan"
"2022-2023","Sporting CP","Primeira Liga","Franco Israel","URU","GK","23-043",3,3,270,3,3,1,4,1,25,2,1,0,1,33.3,0,0,0,0,NA,"https://fbref.com/en/players/1f994616/Franco-Israel"
"2022-2023","Arouca","","Ignacio De Arruabarrena","URU","GK","26-139",30,30,2699,30,32,1.07,134,99,79.1,15,6,9,13,43.3,9,4,4,1,50,"https://fbref.com/en/players/4b8cb65b/Ignacio-De-Arruabarrena"
"2022-2023","Arouca","","Emilijus Zubas","LTU","GK","32-329",3,3,270,3,4,1.33,10,6,70,0,2,1,1,33.3,1,1,0,0,0,"https://fbref.com/en/players/5635834c/Emilijus-Zubas"
"2022-2023","Arouca","","Mosquito","BRA","GK","26-357",1,1,90,1,1,1,5,4,80,0,1,0,0,0,0,0,0,0,NA,"https://fbref.com/en/players/c9c55581/Mosquito"
"2022-2023","Arouca","","João Valido","POR","GK","23-093",1,0,1,0,0,0,0,0,NA,0,0,0,1,NA,0,0,0,0,NA,"https://fbref.com/en/players/beb1317c/Joao-Valido"
"2022-2023","Vitória Guimarães","Primeira Liga","Bruno Varela","POR","GK","28-212",27,27,2430,27,25,0.93,97,72,75.3,15,4,8,13,48.1,2,1,0,1,0,"https://fbref.com/en/players/2bea06e0/Bruno-Varela"
"2022-2023","Vitória Guimarães","Primeira Liga","Celton Anssumane Biai","POR","GK","22-295",5,5,450,5,11,2.2,22,12,54.5,0,1,4,1,20,1,1,0,0,0,"https://fbref.com/en/players/545599ea/Celton-Anssumane-Biai"
"2022-2023","Vitória Guimarães","Primeira Liga","Rafa","POR","GK","19-249",2,2,180,2,3,1.5,9,6,66.7,1,0,1,0,0,0,0,0,0,NA,"https://fbref.com/en/players/9424b983/Rafa"
"2022-2023","Chaves","","Paulo Vítor Fagundes dos Anjos","BRA","GK","34-195",30,30,2700,30,33,1.1,150,117,81.3,11,10,9,9,30,6,5,0,1,0,"https://fbref.com/en/players/077977c0/Paulo-Vitor-Fagundes-dos-Anjos"
"2022-2023","Chaves","","Rodrigo Nascimento","BRA","GK","27-130",4,4,357,4,7,1.76,18,9,66.7,1,0,3,0,0,4,1,2,1,66.7,"https://fbref.com/en/players/8abb6799/Rodrigo-Nascimento"
"2022-2023","Chaves","","Gonçalo Filipe","POR","GK","23-035",1,0,1,0,0,0,0,0,NA,0,0,0,1,NA,0,0,0,0,NA,"https://fbref.com/en/players/a4cf1b05/Goncalo-Filipe"
"2022-2023","Famalicão","","Luiz Lúcio Reis Júnior","BRA","GK","22-141",33,33,2970,33,45,1.36,151,106,74.8,13,4,16,10,30.3,9,7,2,0,22.2,"https://fbref.com/en/players/d0530e29/Luiz-Lucio-Reis-Junior"
"2022-2023","Famalicão","","Ivan Zlobin","RUS","GK","26-089",1,1,90,1,2,2,5,3,60,0,1,0,0,0,0,0,0,0,NA,"https://fbref.com/en/players/d8fe652c/Ivan-Zlobin"
"2022-2023","Boavista","","Rafael Bracalli","BRA","GK","42-030",28,28,2520,28,44,1.57,122,79,67.2,8,8,12,5,17.9,6,4,1,1,20,"https://fbref.com/en/players/5f7d2dfe/Rafael-Bracalli"
"2022-2023","Boavista","","César","BRA","GK","31-128",5,5,450,5,9,1.8,15,6,46.7,3,0,2,1,20,1,1,0,0,0,"https://fbref.com/en/players/7f6296b9/Cesar"
"2022-2023","Boavista","","João Gonçalves","POR","GK","22-211",1,1,90,1,1,1,6,5,83.3,1,0,0,0,0,0,0,0,0,NA,"https://fbref.com/en/players/8b8c0095/Joao-Goncalves"
"2022-2023","Casa Pia","","Ricardo Batista","POR","GK","36-197",31,31,2790,31,31,1,131,98,79.4,11,8,12,11,35.5,6,4,2,0,33.3,"https://fbref.com/en/players/abef8824/Ricardo-Batista"
"2022-2023","Casa Pia","","Lucas Paes","BRA","GK","25-179",2,2,180,2,7,3.5,18,13,61.1,0,0,2,0,0,0,0,0,0,NA,"https://fbref.com/en/players/ff9bd7eb/Lucas-Paes"
"2022-2023","Casa Pia","","João","BRA","GK","25-032",1,1,90,1,2,2,3,1,66.7,0,0,1,0,0,1,1,0,0,0,"https://fbref.com/en/players/7433bc14/Joao"
"2022-2023","Vizela","","Fabijan Buntić","CRO","GK","26-100",33,33,2970,33,37,1.12,133,95,77.4,11,7,15,11,33.3,9,7,2,0,22.2,"https://fbref.com/en/players/f566b29e/Fabijan-Buntic"
"2022-2023","Vizela","","Luiz Felipe","BRA","GK","26-041",1,1,90,1,1,1,6,5,83.3,0,0,1,0,0,0,0,0,0,NA,"https://fbref.com/en/players/185084a1/Luiz-Felipe"
"2022-2023","Rio Ave","","Jhonatan","BRA","GK","32-027",32,32,2880,32,39,1.22,146,107,73.3,10,10,12,10,31.3,3,0,2,1,100,"https://fbref.com/en/players/52479cc2/Jhonatan"
"2022-2023","Rio Ave","","Magrão","BRA","GK","23-020",2,2,180,2,4,2,8,5,62.5,0,0,2,0,0,1,1,0,0,0,"https://fbref.com/en/players/4bc2a77c/Magrao"
"2022-2023","Gil Vicente FC","Primeira Liga","Andrew","BRA","GK","21-338",24,23,2131,23.7,26,1.1,121,95,80.2,6,6,11,7,30.4,2,2,0,0,0,"https://fbref.com/en/players/40406a00/Andrew"
"2022-2023","Gil Vicente FC","Primeira Liga","Stanislav Kritsyuk","RUS","GK","32-185",11,11,929,10.3,15,1.45,55,40,74.5,4,1,6,1,9.1,1,1,0,0,0,"https://fbref.com/en/players/b8798a46/Stanislav-Kritsyuk"
"2022-2023","Estoril","","Daniel Leite","POR","GK","24-319",32,32,2855,31.7,41,1.29,144,102,76.4,10,4,18,8,25,10,7,2,1,22.2,"https://fbref.com/en/players/f7c68686/Daniel-Leite"
"2022-2023","Estoril","","Pedro José Moreira Silva","POR","GK","26-111",3,2,203,2.3,8,3.55,18,9,72.2,0,1,1,0,0,4,3,1,0,25,"https://fbref.com/en/players/f829f728/Pedro-Jose-Moreira-Silva"
"2022-2023","Portimonense","","Kosuke Nakamura","JPN","GK","28-097",30,30,2700,30,46,1.53,181,135,75.7,7,4,19,6,20,4,2,1,1,33.3,"https://fbref.com/en/players/423daf87/Kosuke-Nakamura"
"2022-2023","Portimonense","","Samuel Portugal","BRA","GK","29-067",4,4,360,4,2,0.5,18,16,88.9,3,0,1,2,50,0,0,0,0,NA,"https://fbref.com/en/players/554067e3/Samuel-Portugal"
"2022-2023","Marítimo","Primeira Liga","Marcelo Carné","BRA","GK","33-118",14,14,1260,14,24,1.71,68,45,69.1,5,1,8,2,14.3,4,3,0,1,0,"https://fbref.com/en/players/a24d3330/Marcelo-Carne"
"2022-2023","Marítimo","Primeira Liga","João Miguel Macedo Silva","POR","GK","28-058",8,8,720,8,23,2.87,53,30,58.5,0,1,7,0,0,2,1,0,1,0,"https://fbref.com/en/players/1c98558c/Joao-Miguel-Macedo-Silva"
"2022-2023","Marítimo","Primeira Liga","Giorgi Makaridze","GEO","GK","33-065",6,6,540,6,11,1.83,20,9,55,1,0,5,1,16.7,2,2,0,0,0,"https://fbref.com/en/players/b3bb0a76/Giorgi-Makaridze"
"2022-2023","Marítimo","Primeira Liga","Matouš Trmal","CZE","GK","24-245",6,6,540,6,5,0.83,26,21,84.6,1,3,2,2,33.3,1,1,0,0,0,"https://fbref.com/en/players/393f7c58/Matous-Trmal"
"2022-2023","Paços de Ferreira","","José Carlos Marafona","POR","GK","36-027",16,16,1426,15.8,22,1.39,80,60,72.5,6,3,7,2,12.5,1,0,0,1,NA,"https://fbref.com/en/players/8ac7161e/Jose-Carlos-Marafona"
"2022-2023","Paços de Ferreira","","Igor Vekič","SVN","GK","25-029",10,9,821,9.1,17,1.86,34,17,52.9,0,2,7,1,11.1,1,1,0,0,0,"https://fbref.com/en/players/fcc5a185/Igor-Vekic"
"2022-2023","Paços de Ferreira","","Jordi Almeida","BRA","GK","29-274",6,6,540,6,14,2.33,35,23,60,0,0,6,0,0,0,0,0,0,NA,"https://fbref.com/en/players/774af19d/Jordi-Almeida"
"2022-2023","Paços de Ferreira","","José Oliveira","POR","GK","21-059",3,3,270,3,9,3,18,9,55.6,0,0,3,0,0,1,1,0,0,0,"https://fbref.com/en/players/7169c8d3/Jose-Oliveira"
"2022-2023","Santa Clara","","Gabriel Batista","BRA","GK","25-001",26,26,2340,26,49,1.88,129,82,66.7,4,5,17,4,15.4,9,6,1,2,14.3,"https://fbref.com/en/players/20575487/Gabriel-Batista"
"2022-2023","Santa Clara","","Marco André Rocha Pereira","POR","GK","36-143",8,8,720,8,9,1.13,31,21,74.2,1,2,5,1,12.5,4,1,1,2,50,"https://fbref.com/en/players/5cd73451/Marco-Andre-Rocha-Pereira"
"2022-2023","Monterrey","","Esteban Andrada","ARG","GK","31",25,25,2249,25,16,0.64,87,72,82.8,17,5,3,12,48,2,1,0,1,0,"https://fbref.com/en/players/775d365e/Esteban-Andrada"
"2022-2023","Monterrey","","Luis Cárdenas","MEX","GK","28",9,9,765,8.5,10,1.18,33,23,75.8,6,1,2,3,33.3,2,2,0,0,0,"https://fbref.com/en/players/a1dea252/Luis-Cardenas"
"2022-2023","Monterrey","","Fernando Hernández","MEX","GK","24",1,0,45,0.5,1,2,3,2,100,0,0,0,0,NA,1,1,0,0,0,"https://fbref.com/en/players/46beb4b3/Fernando-Hernandez"
"2022-2023","América","","Guillermo Ochoa","MEX","GK","37",16,16,1440,16,16,1,58,43,75.9,11,2,3,7,43.8,3,2,0,1,0,"https://fbref.com/en/players/1e9bde92/Guillermo-Ochoa"
"2022-2023","América","","Oscar Jiménez","MEX","GK","33",11,11,990,11,15,1.36,52,37,71.2,5,5,1,2,18.2,0,0,0,0,NA,"https://fbref.com/en/players/363ba1be/Oscar-Jimenez"
"2022-2023","América","","Luis Malagón","MEX","GK","25",7,7,630,7,7,1,24,18,70.8,5,2,0,2,28.6,1,0,1,0,100,"https://fbref.com/en/players/48bd91d4/Luis-Malagon"
"2022-2023","Pachuca","","Óscar Ustari","ARG","GK","36",31,31,2745,30.5,34,1.11,127,92,75.6,18,6,7,10,32.3,5,3,1,1,25,"https://fbref.com/en/players/40e417fa/Oscar-Ustari"
"2022-2023","Pachuca","","Carlos Moreno","MEX","GK","24",4,3,315,3.5,5,1.43,11,6,63.6,1,0,2,1,33.3,1,1,0,0,0,"https://fbref.com/en/players/b931ac44/Carlos-Moreno"
"2022-2023","Toluca","","Tiago Volpi","BRA","GK","31",32,32,2880,32,40,1.25,151,110,75.5,16,10,6,7,21.9,5,3,2,0,40,"https://fbref.com/en/players/fba79ac8/Tiago-Volpi"
"2022-2023","Toluca","","Gustavo Gutiérrez","MEX","GK","25",2,2,180,2,2,1,8,6,75,0,1,1,0,0,0,0,0,0,NA,"https://fbref.com/en/players/aaba5eaf/Gustavo-Gutierrez"
"2022-2023","Guadalajara","","Miguel Jiménez Ponce","MEX","GK","32",34,34,3060,34,35,1.03,146,111,78.1,15,11,8,12,35.3,4,3,0,1,0,"https://fbref.com/en/players/9c06f135/Miguel-Jimenez-Ponce"
"2022-2023","UANL","","Nahuel Guzmán","ARG","GK","36",33,33,2925,32.5,27,0.83,118,93,78,16,7,10,16,48.5,1,1,0,0,0,"https://fbref.com/en/players/d8f11068/Nahuel-Guzman"
"2022-2023","UANL","","Miguel Ortega","MEX","GK","27",1,1,90,1,3,3,4,1,50,0,0,1,0,0,1,1,0,0,0,"https://fbref.com/en/players/aa41e29e/Miguel-Ortega"
"2022-2023","UANL","","Arturo Delgado","MEX","GK","20",1,0,45,0.5,1,2,2,1,50,0,0,0,0,NA,0,0,0,0,NA,"https://fbref.com/en/players/70e6a77e/Arturo-Delgado"
"2022-2023","León","","Rodolfo Cota","MEX","GK","35",34,34,3060,34,42,1.24,134,92,71.6,14,10,10,12,35.3,7,4,3,0,42.9,"https://fbref.com/en/players/a4a5868e/Rodolfo-Cota"
"2022-2023","Santos Laguna","","Carlos Acevedo","MEX","GK","26",33,33,2970,33,55,1.67,182,129,72,15,7,11,7,21.2,6,4,0,2,0,"https://fbref.com/en/players/0810e384/Carlos-Acevedo"
"2022-2023","Santos Laguna","","Gibran Lajud","MEX","GK","28",1,1,90,1,3,3,5,2,40,0,0,1,0,0,0,0,0,0,NA,"https://fbref.com/en/players/d8b7afc2/Gibran-Lajud"
"2022-2023","Cruz Azul","","José Corona","MEX","GK","41",23,23,2069,23,30,1.3,109,80,75.2,11,4,8,7,30.4,3,3,0,0,0,"https://fbref.com/en/players/e39a7e9c/Jose-Corona"
"2022-2023","Cruz Azul","","Sebastián Jurado","MEX","GK","24",11,11,989,11,25,2.28,58,34,56.9,3,2,6,2,18.2,0,0,0,0,NA,"https://fbref.com/en/players/c882a4e6/Sebastian-Jurado"
"2022-2023","Puebla","","Antony Silva","PAR","GK","38",31,31,2790,31,53,1.71,158,107,69.6,8,11,12,4,12.9,8,5,2,1,28.6,"https://fbref.com/en/players/949bc248/Antony-Silva"
"2022-2023","Puebla","","Jesús Rodríguez","MEX","GK","29",3,3,270,3,2,0.67,14,12,85.7,2,1,0,1,33.3,0,0,0,0,NA,"https://fbref.com/en/players/ce147009/Jesus-Rodriguez"
"2022-2023","Atlético","","Marcelo Barovero","ARG","GK","38",33,33,2937,32.6,41,1.26,172,130,79.7,9,10,14,11,33.3,8,6,2,0,25,"https://fbref.com/en/players/868c0f75/Marcelo-Barovero"
"2022-2023","Atlético","","Andrés Sánchez","MEX","GK","24",1,1,90,1,3,3,5,2,40,0,0,1,0,0,0,0,0,0,NA,"https://fbref.com/en/players/2d43706b/Andres-Sanchez"
"2022-2023","Atlético","","David Ochoa","USA","GK","21",1,0,33,0.4,0,0,1,1,100,0,0,0,0,NA,0,0,0,0,NA,"https://fbref.com/en/players/dba6b279/David-Ochoa"
"2022-2023","Atlas","","Camilo Vargas","COL","GK","33",30,30,2615,29.1,40,1.38,133,91,71.4,5,13,12,6,20,5,2,2,1,50,"https://fbref.com/en/players/004e3d0f/Camilo-Vargas"
"2022-2023","Atlas","","José Santiago Hernández","MEX","GK","25",5,4,440,4.9,9,1.84,30,21,70,2,0,2,0,0,0,0,0,0,NA,"https://fbref.com/en/players/2a860a40/Jose-Santiago-Hernandez"
"2022-2023","FC Juárez","","Alfredo Talavera","MEX","GK","39",34,34,3060,34,43,1.26,149,107,77.2,7,13,14,6,17.6,9,9,0,0,0,"https://fbref.com/en/players/5c7fc905/Alfredo-Talavera"
"2022-2023","Necaxa","","Luis Malagón","MEX","GK","25",17,17,1530,17,26,1.53,83,59,71.1,5,4,8,3,17.6,2,2,0,0,0,"https://fbref.com/en/players/48bd91d4/Luis-Malagon"
"2022-2023","Necaxa","","Hugo González Durán","MEX","GK","31",16,16,1440,16,21,1.31,73,53,74,3,5,8,3,18.8,3,2,0,1,0,"https://fbref.com/en/players/24c6fb79/Hugo-Gonzalez-Duran"
"2022-2023","Necaxa","","Rafael Ramírez","MEX","GK","29",1,1,90,1,3,3,4,1,75,0,0,1,0,0,2,2,0,0,0,"https://fbref.com/en/players/841c78f2/Rafael-Ramirez"
"2022-2023","Tijuana","","José Antonio Rodríguez","MEX","GK","30",17,17,1530,17,29,1.71,89,61,71.9,3,7,7,4,23.5,4,4,0,0,0,"https://fbref.com/en/players/a78c131a/Jose-Antonio-Rodriguez"
"2022-2023","Tijuana","","Jonathan Orozco","MEX","GK","36",17,17,1530,17,30,1.76,78,48,64.1,4,5,8,3,17.6,2,2,0,0,0,"https://fbref.com/en/players/8c6ca532/Jonathan-Orozco"
"2022-2023","UNAM","","Julio José González","MEX","GK","31",20,20,1800,20,35,1.75,79,46,63.3,4,8,8,3,15,6,6,0,0,0,"https://fbref.com/en/players/0124a43a/Julio-Jose-Gonzalez"
"2022-2023","UNAM","","Sebastián Sosa","URU","GK","35",12,12,1080,12,24,2,65,42,66.2,3,2,7,1,8.3,2,2,0,0,0,"https://fbref.com/en/players/34074967/Sebastian-Sosa"
"2022-2023","UNAM","","Gil Alcalá","MEX","GK","30",2,2,180,2,4,2,9,6,55.6,0,1,1,0,0,0,0,0,0,NA,"https://fbref.com/en/players/a1bb9076/Gil-Alcala"
"2022-2023","Querétaro","","Gil Alcalá","MEX","GK","30",17,17,1530,17,21,1.24,82,61,76.8,4,8,5,5,29.4,2,2,0,0,0,"https://fbref.com/en/players/a1bb9076/Gil-Alcala"
"2022-2023","Querétaro","","Washington Aguerre","URU","GK","29",9,9,810,9,21,2.33,45,23,53.3,0,3,6,0,0,1,0,1,0,100,"https://fbref.com/en/players/19da9ece/Washington-Aguerre"
"2022-2023","Querétaro","","José Antonio Rodríguez","MEX","GK","30",8,8,720,8,14,1.75,28,14,67.9,1,3,4,1,12.5,5,5,0,0,0,"https://fbref.com/en/players/a78c131a/Jose-Antonio-Rodriguez"
"2022-2023","Mazatlán","","Nicolás Vikonis","URU","GK","38",22,22,1935,21.5,38,1.77,117,79,69.2,4,7,11,3,13.6,3,2,1,0,33.3,"https://fbref.com/en/players/88f918b9/Nicolas-Vikonis"
"2022-2023","Mazatlán","","Ricardo Gutiérrez","MEX","GK","25",13,12,1125,12.5,27,2.16,91,65,74.7,1,2,9,0,0,4,4,0,0,0,"https://fbref.com/en/players/aab63918/Ricardo-Gutierrez"
NA,"2022 Palmeiras","Série A","Wéverton","BRA","GK","34",34,34,3060,34,24,0.71,106,84,80.2,21,11,2,16,47.1,3,3,0,0,0,"https://fbref.com/en/players/81be82e9/Weverton"
NA,"2022 Palmeiras","Série A","Marcelo Lomba","BRA","GK","35",3,3,270,3,0,0,10,10,100,2,1,0,3,100,0,0,0,0,NA,"https://fbref.com/en/players/e4835e3c/Marcelo-Lomba"
NA,"2022 Palmeiras","Série A","Vinicius Silvestre","BRA","GK","27",1,1,90,1,3,3,8,5,62.5,0,0,1,0,0,0,0,0,0,NA,"https://fbref.com/en/players/1944518a/Vinicius-Silvestre"
NA,"2022 Internacional","Série A","Daniel","BRA","GK","27",23,23,2070,23,21,0.91,93,72,78.5,11,9,3,10,43.5,2,1,0,1,0,"https://fbref.com/en/players/636fc976/Daniel"
NA,"2022 Internacional","Série A","Keiller","BRA","GK","25",15,15,1350,15,10,0.67,55,45,87.3,9,4,2,8,53.3,3,3,0,0,0,"https://fbref.com/en/players/e38fde76/Keiller"
NA,"2022 Fluminense","Série A","Fábio","BRA","GK","41",38,38,3420,38,41,1.08,151,111,74.8,21,7,10,14,36.8,3,3,0,0,0,"https://fbref.com/en/players/15825726/Fabio"
NA,"2022 Corinthians","Série A","Cássio","BRA","GK","34",34,34,3059,34,28,0.82,133,106,83.5,16,11,7,14,41.2,6,6,0,0,0,"https://fbref.com/en/players/d42f6326/Cassio"
NA,"2022 Corinthians","Série A","Matheus Donelli","BRA","GK","19",3,2,181,2,6,2.98,14,8,57.1,0,0,2,0,0,0,0,0,0,NA,"https://fbref.com/en/players/7c736064/Matheus-Donelli"
NA,"2022 Corinthians","Série A","Carlos Miguel","BRA","GK","23",2,2,180,2,2,1,10,8,80,2,0,0,0,0,0,0,0,0,NA,"https://fbref.com/en/players/84454067/Carlos-Miguel"
NA,"2022 Flamengo","Série A","Santos","BRA","GK","31",19,19,1710,19,14,0.74,70,57,82.9,12,4,3,8,42.1,2,2,0,0,0,"https://fbref.com/en/players/b8d0b69c/Santos"
NA,"2022 Flamengo","Série A","Hugo Souza","BRA","GK","23",15,14,1286,14.3,17,1.19,53,36,71.7,4,4,6,2,14.3,2,2,0,0,0,"https://fbref.com/en/players/c02e5af1/Hugo-Souza"
NA,"2022 Flamengo","Série A","Diego Alves","BRA","GK","36",5,5,424,4.7,8,1.7,17,9,58.8,2,0,3,1,20,1,1,0,0,0,"https://fbref.com/en/players/12421a7c/Diego-Alves"
NA,"2022 Atlético Paranaense","Série A","Bento","BRA","GK","22",33,33,2970,33,38,1.15,140,102,75,15,8,10,11,33.3,4,3,1,0,25,"https://fbref.com/en/players/5d699228/Bento"
NA,"2022 Atlético Paranaense","Série A","Anderson","BRA","GK","23",5,5,450,5,10,2,30,20,66.7,1,2,2,2,40,0,0,0,0,NA,"https://fbref.com/en/players/29d862d4/Anderson"
NA,"2022 Atlético Mineiro","Série A","Éverson","BRA","GK","31",37,37,3330,37,37,1,119,81,73.9,15,12,10,15,40.5,7,6,1,0,14.3,"https://fbref.com/en/players/a59c090b/Everson"
NA,"2022 Atlético Mineiro","Série A","Rafael Pires","BRA","GK","32",1,1,90,1,0,0,2,2,100,0,1,0,1,100,0,0,0,0,NA,"https://fbref.com/en/players/539f6761/Rafael-Pires"
NA,"2022 Fortaleza","Série A","Fernando Miguel","BRA","GK","36",20,20,1800,20,15,0.75,90,75,85.6,13,4,3,12,60,2,2,0,0,0,"https://fbref.com/en/players/f1f06658/Fernando-Miguel"
NA,"2022 Fortaleza","Série A","Marcelo Boeck","BRA","GK","37",13,13,1170,13,18,1.38,60,43,73.3,2,5,6,3,23.1,3,2,0,1,0,"https://fbref.com/en/players/069cb4f8/Marcelo-Boeck"
NA,"2022 Fortaleza","Série A","Max Walef","BRA","GK","28",5,5,450,5,6,1.2,17,12,64.7,0,1,4,0,0,0,0,0,0,NA,"https://fbref.com/en/players/6411a48d/Max-Walef"
NA,"2022 São Paulo","Série A","Jandrei","BRA","GK","28",19,19,1648,18.3,19,1.04,65,46,72.3,5,9,5,4,21.1,1,1,0,0,0,"https://fbref.com/en/players/85ea4399/Jandrei"
NA,"2022 São Paulo","Série A","Felipe Alves Raymundo","BRA","GK","33",17,17,1530,17,16,0.94,73,55,83.6,8,4,5,5,29.4,5,4,1,0,20,"https://fbref.com/en/players/7fbe8689/Felipe-Alves-Raymundo"
NA,"2022 São Paulo","Série A","Thiago","BRA","GK","22",3,2,242,2.7,7,2.6,18,11,66.7,0,2,0,0,0,1,1,0,0,0,"https://fbref.com/en/players/602d20ae/Thiago"
NA,"2022 América (MG)","Série A","Matheus Cavichioli","BRA","GK","35",25,25,2250,25,26,1.04,116,89,79.3,11,5,9,9,36,5,2,2,1,50,"https://fbref.com/en/players/8470f026/Matheus-Cavichioli"
NA,"2022 América (MG)","Série A","Jailson","BRA","GK","40",12,12,1080,12,13,1.08,52,39,75,4,3,5,2,16.7,0,0,0,0,NA,"https://fbref.com/en/players/01f7b8c3/Jailson"
NA,"2022 América (MG)","Série A","Airton Moraes","BRA","GK","27",1,1,90,1,1,1,8,7,87.5,0,0,1,0,0,0,0,0,0,NA,"https://fbref.com/en/players/5e8682b0/Airton-Moraes"
NA,"2022 Botafogo (RJ)","","Gatito Fernández","PAR","GK","33",32,32,2809,31.2,37,1.19,125,87,73.6,12,7,13,8,25,5,4,1,0,20,"https://fbref.com/en/players/9a82f79a/Gatito-Fernandez"
NA,"2022 Botafogo (RJ)","","Lucas Perri","BRA","GK","24",4,3,341,3.8,3,0.79,12,10,75,2,0,1,3,100,0,0,0,0,NA,"https://fbref.com/en/players/5dbd461a/Lucas-Perri"
NA,"2022 Botafogo (RJ)","","Diego","BRA","GK","23",2,2,180,2,2,1,6,4,66.7,1,1,0,0,0,0,0,0,0,NA,"https://fbref.com/en/players/6b023405/Diego"
NA,"2022 Botafogo (RJ)","","Douglas Borges","BRA","GK","31",1,1,90,1,1,1,2,1,50,0,0,1,0,0,0,0,0,0,NA,"https://fbref.com/en/players/55196057/Douglas-Borges"
NA,"2022 Santos","Série A","João Paulo","BRA","GK","26",37,37,3330,37,41,1.11,172,132,79.7,12,10,15,10,27,7,6,0,1,0,"https://fbref.com/en/players/d0102ca0/Joao-Paulo"
NA,"2022 Santos","Série A","John","BRA","GK","25",1,1,90,1,0,0,1,1,100,0,1,0,1,100,0,0,0,0,NA,"https://fbref.com/en/players/33a235af/John"
NA,"2022 Goiás","","Tadeu","BRA","GK","29",38,38,3420,38,53,1.39,200,146,77,11,13,14,8,21.1,9,7,1,1,12.5,"https://fbref.com/en/players/8445554f/Tadeu"
NA,"2022 Bragantino","Série A","Cleiton Schwengber","BRA","GK","24",37,37,3330,37,57,1.54,163,107,70.6,11,11,15,7,18.9,11,9,1,1,10,"https://fbref.com/en/players/d24ae824/Cleiton-Schwengber"
NA,"2022 Bragantino","Série A","Lucão","BRA","GK","20",1,1,90,1,2,2,7,5,71.4,0,0,1,0,0,0,0,0,0,NA,"https://fbref.com/en/players/ebb5a0df/Lucao"
NA,"2022 Coritiba","","Alex Muralha","BRA","GK","32",19,19,1710,19,27,1.42,89,63,71.9,6,3,10,5,26.3,2,2,0,0,0,"https://fbref.com/en/players/38082f12/Alex-Muralha"
NA,"2022 Coritiba","","Gabriel","BRA","GK","29",13,13,1170,13,19,1.46,64,43,70.3,5,2,6,4,30.8,2,0,2,0,100,"https://fbref.com/en/players/f93ed0df/Gabriel"
NA,"2022 Coritiba","","Rafael William","BRA","GK","20",6,6,540,6,14,2.33,36,22,66.7,1,1,4,0,0,2,2,0,0,0,"https://fbref.com/en/players/eb9f6c10/Rafael-William"
NA,"2022 Cuiabá","Série A","Walter","BRA","GK","34",28,28,2469,27.4,26,0.95,125,100,80.8,8,9,11,8,28.6,3,2,0,1,0,"https://fbref.com/en/players/8bae322b/Walter"
NA,"2022 Cuiabá","Série A","João Carlos","BRA","GK","33",11,10,951,10.6,16,1.51,49,32,71.4,2,2,6,1,10,3,2,1,0,33.3,"https://fbref.com/en/players/ad9e7995/Joao-Carlos"
NA,"2022 Ceará","Série A","João Ricardo Riedi","BRA","GK","33",35,35,3150,35,39,1.11,155,114,78.1,6,14,15,7,20,7,5,2,0,28.6,"https://fbref.com/en/players/4729d71a/Joao-Ricardo-Riedi"
NA,"2022 Ceará","Série A","Vinícius Machado","BRA","GK","21",2,2,180,2,1,0.5,7,6,85.7,0,2,0,1,50,0,0,0,0,NA,"https://fbref.com/en/players/0d9b2e53/Vinicius-Machado"
NA,"2022 Ceará","Série A","Richard","BRA","GK","30",1,1,90,1,1,1,4,3,75,1,0,0,0,0,0,0,0,0,NA,"https://fbref.com/en/players/f2c12e8d/Richard"
NA,"2022 Atlético Goianiense","Série A","Ronaldo","BRA","GK","25",18,18,1620,18,27,1.5,86,61,70.9,4,4,10,2,11.1,2,2,0,0,0,"https://fbref.com/en/players/711c08dc/Ronaldo"
NA,"2022 Atlético Goianiense","Série A","Renan dos Santos","BRA","GK","32",16,16,1440,16,23,1.44,87,64,74.7,4,5,7,2,12.5,1,1,0,0,0,"https://fbref.com/en/players/6bfaecc4/Renan-dos-Santos"
NA,"2022 Atlético Goianiense","Série A","Diego","BRA","GK","23",2,2,180,2,2,1,10,8,80,0,2,0,0,0,0,0,0,0,NA,"https://fbref.com/en/players/6b023405/Diego"
NA,"2022 Atlético Goianiense","Série A","Luan Polli","BRA","GK","28",2,2,180,2,5,2.5,11,6,54.5,0,1,1,0,0,0,0,0,0,NA,"https://fbref.com/en/players/96aa89c4/Luan-Polli"
NA,"2022 Avaí","","Vladimir","BRA","GK","32",23,22,2025,22.5,37,1.64,115,77,73,3,6,13,3,13.6,8,6,1,1,14.3,"https://fbref.com/en/players/bbae502c/Vladimir"
NA,"2022 Avaí","","Douglas Friedrich","BRA","GK","33",11,11,939,10.4,16,1.53,40,24,65,4,1,6,2,18.2,2,2,0,0,0,"https://fbref.com/en/players/8789242d/Douglas-Friedrich"
NA,"2022 Avaí","","Glédson","BRA","GK","38",5,5,450,5,7,1.4,17,11,58.8,2,1,2,1,20,0,0,0,0,NA,"https://fbref.com/en/players/a9d625f5/Gledson"
NA,"2022 Juventude","","César Reis","BRA","GK","26",25,24,2188,24.3,41,1.69,117,75,68.4,2,9,13,3,12.5,6,4,2,0,33.3,"https://fbref.com/en/players/76d4135b/Cesar-Reis"
NA,"2022 Juventude","","Pegorari","BRA","GK","30",13,13,1142,12.7,28,2.21,78,51,66.7,0,4,9,0,0,3,2,1,0,33.3,"https://fbref.com/en/players/2ad9d2e3/Pegorari"
NA,"2022 Juventude","","Felipe Alves Raymundo","BRA","GK","33",1,1,90,1,0,0,4,4,100,1,0,0,1,100,0,0,0,0,NA,"https://fbref.com/en/players/7fbe8689/Felipe-Alves-Raymundo"
NA,"2022 Los Angeles FC","","Maxime Crépeau","CAN","GK","27",33,33,2970,33,36,1.09,110,76,69.1,21,4,8,9,27.3,2,2,0,0,0,"https://fbref.com/en/players/ea42e480/Maxime-Crepeau"
NA,"2022 Los Angeles FC","","John McCarthy","USA","GK","29",1,1,90,1,2,2,6,4,100,0,0,1,0,0,2,2,0,0,0,"https://fbref.com/en/players/249362e9/John-McCarthy"
NA,"2022 Philadelphia Union","","Andre Blake","JAM","GK","31",34,34,3060,34,26,0.76,126,99,82.5,19,10,5,15,44.1,5,4,1,0,20,"https://fbref.com/en/players/b3b21a11/Andre-Blake"
NA,"2022 CF Montréal","","Sebastian Breza","CAN","GK","23",23,23,2070,23,38,1.65,86,49,61.6,13,2,8,3,13,5,5,0,0,0,"https://fbref.com/en/players/52e7f812/Sebastian-Breza"
NA,"2022 CF Montréal","","James Pantemis","CAN","GK","24",11,11,990,11,12,1.09,37,26,70.3,7,3,1,4,36.4,1,1,0,0,0,"https://fbref.com/en/players/901408ac/James-Pantemis"
NA,"2022 New York City FC","","Sean Johnson","USA","GK","32",34,34,3060,34,41,1.21,119,80,66.4,16,7,11,14,41.2,1,1,0,0,0,"https://fbref.com/en/players/c164335e/Sean-Johnson"
NA,"2022 New York Red Bulls","","Carlos Coronel","BRA","GK","25",33,33,2970,33,39,1.18,112,73,66.1,15,8,10,8,24.2,1,1,0,0,0,"https://fbref.com/en/players/5c07e176/Carlos-Coronel"
NA,"2022 New York Red Bulls","","Ryan Meara","USA","GK","31",1,1,90,1,2,2,4,2,50,0,0,1,0,0,0,0,0,0,NA,"https://fbref.com/en/players/18f0723b/Ryan-Meara"
NA,"2022 FC Cincinnati","","Roman Celentano","USA","GK","21",27,27,2430,27,42,1.56,127,83,70.9,10,12,5,5,18.5,7,5,2,0,28.6,"https://fbref.com/en/players/42ba8628/Roman-Celentano"
NA,"2022 FC Cincinnati","","Alec Kann","USA","GK","31",7,7,630,7,14,2,34,20,64.7,2,1,4,1,14.3,3,2,1,0,33.3,"https://fbref.com/en/players/4a8af93c/Alec-Kann"
NA,"2022 Inter Miami","","Drake Callender","USA","GK","24",24,24,2160,24,37,1.54,114,78,69.3,11,5,8,4,16.7,3,2,0,1,0,"https://fbref.com/en/players/c4d9567d/Drake-Callender"
NA,"2022 Inter Miami","","Nick Marsman","NED","GK","31",7,7,630,7,12,1.71,31,19,67.7,3,0,4,1,14.3,2,2,0,0,0,"https://fbref.com/en/players/f352799f/Nick-Marsman"
NA,"2022 Inter Miami","","Clément Diop","SEN","GK","28",3,3,270,3,7,2.33,11,4,36.4,0,1,2,1,33.3,0,0,0,0,NA,"https://fbref.com/en/players/0d5c0218/Clement-Diop"
NA,"2022 Orlando City","","Pedro Gallese","PER","GK","31",32,32,2880,32,47,1.47,126,79,65.9,14,5,13,9,28.1,4,4,0,0,0,"https://fbref.com/en/players/b76e1394/Pedro-Gallese"
NA,"2022 Orlando City","","Mason Stajduhar","USA","GK","24",2,2,180,2,6,3,14,9,71.4,0,1,1,0,0,2,2,0,0,0,"https://fbref.com/en/players/f01df62c/Mason-Stajduhar"
NA,"2022 Columbus Crew","","Eloy Room","CUW","GK","32",34,34,3060,34,41,1.21,142,103,73.2,10,16,8,9,26.5,4,3,0,1,0,"https://fbref.com/en/players/6b33d86b/Eloy-Room"
NA,"2022 Charlotte FC","","Kristijan Kahlina","CRO","GK","29",31,31,2790,31,48,1.55,144,97,69.4,12,3,16,7,22.6,4,4,0,0,0,"https://fbref.com/en/players/53e360bb/Kristijan-Kahlina"
NA,"2022 Charlotte FC","","Pablo Sisniega","MEX","GK","26",2,2,180,2,2,1,9,7,77.8,1,0,1,1,50,0,0,0,0,NA,"https://fbref.com/en/players/550557e1/Pablo-Sisniega"
NA,"2022 Charlotte FC","","George Marks","USA","GK","22",1,1,90,1,2,2,3,1,33.3,0,0,1,0,0,0,0,0,0,NA,"https://fbref.com/en/players/e75f9dba/George-Marks"
NA,"2022 New England Revolution","","Đorđe Petrović","SRB","GK","22",21,21,1890,21,27,1.29,110,80,82.7,6,8,7,7,33.3,12,8,4,0,33.3,"https://fbref.com/en/players/0cf321c8/Djordje-Petrovic"
NA,"2022 New England Revolution","","Matt Turner","USA","GK","27",5,5,450,5,7,1.4,15,8,53.3,2,3,0,1,20,0,0,0,0,NA,"https://fbref.com/en/players/4a51ba65/Matt-Turner"
NA,"2022 New England Revolution","","Earl Edwards Jr.","USA","GK","30",4,4,360,4,8,2,17,9,52.9,1,1,2,1,25,0,0,0,0,NA,"https://fbref.com/en/players/10f6f942/Earl-Edwards-Jr"
NA,"2022 New England Revolution","","Brad Knighton","USA","GK","36",4,4,360,4,8,2,20,13,60,1,0,3,0,0,0,0,0,0,NA,"https://fbref.com/en/players/9903a3cb/Brad-Knighton"
NA,"2022 Atlanta United","","Rocco Ríos Novo","ARG","GK","19",16,15,1395,15.5,27,1.74,67,40,61.2,4,5,6,2,13.3,1,1,0,0,0,"https://fbref.com/en/players/f59bd2d3/Rocco-Rios-Novo"
NA,"2022 Atlanta United","","Brad Guzan","USA","GK","37",7,7,612,6.8,9,1.32,23,14,65.2,3,2,2,1,14.3,1,1,0,0,0,"https://fbref.com/en/players/d899e3bf/Brad-Guzan"
NA,"2022 Atlanta United","","Bobby Shuttleworth","USA","GK","34",7,6,558,6.2,11,1.77,21,10,47.6,1,2,3,1,16.7,0,0,0,0,NA,"https://fbref.com/en/players/4598ac94/Bobby-Shuttleworth"
NA,"2022 Atlanta United","","Raúl Gudiño","MEX","GK","25",6,6,495,5.5,7,1.27,14,7,78.6,2,1,3,2,33.3,4,4,0,0,0,"https://fbref.com/en/players/2f061b36/Raul-Gudino"
NA,"2022 Chicago Fire","","Gaga Slonina","USA","GK","17",32,32,2880,32,45,1.41,124,80,67.7,9,8,15,12,37.5,5,5,0,0,0,"https://fbref.com/en/players/c55a846e/Gaga-Slonina"
NA,"2022 Chicago Fire","","Christopher Brady","USA","GK","17",1,1,90,1,1,1,5,4,80,0,1,0,0,0,0,0,0,0,NA,"https://fbref.com/en/players/a71768a2/Christopher-Brady"
NA,"2022 Chicago Fire","","Spencer Richey","USA","GK","29",1,1,90,1,2,2,4,2,50,1,0,0,0,0,0,0,0,0,NA,"https://fbref.com/en/players/d9178ea2/Spencer-Richey"
NA,"2022 Toronto FC","","Alex Bono","USA","GK","27",24,24,2160,24,42,1.75,125,84,68,7,6,11,3,12.5,2,2,0,0,0,"https://fbref.com/en/players/aa28a396/Alex-Bono"
NA,"2022 Toronto FC","","Quentin Westberg","USA","GK","35",10,10,900,10,24,2.4,59,35,61,2,1,7,0,0,2,1,1,0,50,"https://fbref.com/en/players/5480ae05/Quentin-Westberg"
NA,"2022 D.C. United","","Rafael Romo","VEN","GK","31",14,13,1212,13.5,33,2.45,81,48,63,2,2,9,2,15.4,4,3,1,0,25,"https://fbref.com/en/players/8827c189/Rafael-Romo"
NA,"2022 D.C. United","","Bill Hamid","USA","GK","31",10,10,858,9.5,16,1.68,49,34,67.3,3,2,5,2,20,0,0,0,0,NA,"https://fbref.com/en/players/012fc030/Bill-Hamid"
NA,"2022 D.C. United","","David Ochoa","USA","GK","21",9,9,810,9,17,1.89,48,31,64.6,1,2,6,2,22.2,1,0,1,0,100,"https://fbref.com/en/players/dba6b279/David-Ochoa"
NA,"2022 D.C. United","","Jon Kempin","USA","GK","28",2,2,180,2,5,2.5,11,6,54.5,1,0,1,0,0,0,0,0,0,NA,"https://fbref.com/en/players/063adc5e/Jon-Kempin"
NA,"2022 Austin FC","","Brad Stuver","USA","GK","30",31,31,2708,30.1,42,1.4,139,96,73.4,16,8,7,8,25.8,7,5,2,0,28.6,"https://fbref.com/en/players/6a1940d5/Brad-Stuver"
NA,"2022 Austin FC","","Andrew Tarbell","USA","GK","28",4,3,352,3.9,7,1.79,22,15,68.2,0,0,3,0,0,0,0,0,0,NA,"https://fbref.com/en/players/c5487a34/Andrew-Tarbell"
NA,"2022 FC Dallas","","Maarten Paes","NED","GK","23",32,32,2880,32,34,1.06,125,89,76,13,11,8,8,25,6,4,2,0,33.3,"https://fbref.com/en/players/eb343262/Maarten-Paes"
NA,"2022 FC Dallas","","Jimmy Maurer","USA","GK","33",2,2,180,2,3,1.5,8,5,75,1,0,1,0,0,1,1,0,0,0,"https://fbref.com/en/players/ca1c6f3d/Jimmy-Maurer"
NA,"2022 LA Galaxy","","Jonathan Bond","ENG","GK","28",34,34,3060,34,51,1.5,141,89,68.1,14,8,12,7,20.6,7,6,1,0,14.3,"https://fbref.com/en/players/c3a86eea/Jonathan-Bond"
NA,"2022 Nashville SC","","Joe Willis","USA","GK","33",32,32,2880,32,38,1.19,136,96,76.5,12,10,10,9,28.1,8,6,2,0,25,"https://fbref.com/en/players/467f09c8/Joe-Willis"
NA,"2022 Nashville SC","","Elliot Panicco","USA","GK","25",2,2,180,2,3,1.5,10,7,80,1,1,0,0,0,1,1,0,0,0,"https://fbref.com/en/players/e93972ac/Elliot-Panicco"
NA,"2022 Minnesota United","","Dayne St. Clair","CAN","GK","24",32,32,2835,31.5,48,1.52,153,108,71.2,14,4,14,5,15.6,5,4,1,0,20,"https://fbref.com/en/players/3f41d25f/Dayne-St-Clair"
NA,"2022 Minnesota United","","Tyler Miller","USA","GK","28",3,2,225,2.5,3,1.2,11,8,72.7,0,2,0,0,0,0,0,0,0,NA,"https://fbref.com/en/players/7827a6b3/Tyler-Miller"
NA,"2022 Real Salt Lake","","Zac MacMath","USA","GK","30",34,34,3060,34,45,1.32,147,99,73.5,12,11,11,10,29.4,9,6,3,0,33.3,"https://fbref.com/en/players/06caac45/Zac-MacMath"
NA,"2022 Portland Timbers","","Aljaž Ivačič","SVN","GK","28",32,32,2880,32,50,1.56,160,111,69.4,11,11,10,6,18.8,2,1,1,0,50,"https://fbref.com/en/players/4d6e50d8/Aljaz-Ivacic"
NA,"2022 Portland Timbers","","David Bingham","USA","GK","32",2,2,180,2,3,1.5,13,10,76.9,0,2,0,0,0,0,0,0,0,NA,"https://fbref.com/en/players/7fd42a85/David-Bingham"
NA,"2022 Vancouver Whitecaps FC","","Thomas Hasal","CAN","GK","22",17,17,1509,16.8,27,1.61,76,47,65.8,6,2,9,4,23.5,3,1,2,0,66.7,"https://fbref.com/en/players/86bac87b/Thomas-Hasal"
NA,"2022 Vancouver Whitecaps FC","","Cody Cropper","USA","GK","28",15,14,1236,13.7,24,1.75,52,28,59.6,6,4,4,5,35.7,3,3,0,0,0,"https://fbref.com/en/players/aa133046/Cody-Cropper"
NA,"2022 Vancouver Whitecaps FC","","Isaac Boehmer","USA","GK","20",3,2,225,2.5,4,1.6,12,8,75,0,1,1,0,0,1,1,0,0,0,"https://fbref.com/en/players/9792574e/Isaac-Boehmer"
NA,"2022 Vancouver Whitecaps FC","","Max Anchor","CAN","GK","17",1,1,90,1,2,2,6,4,66.7,0,0,1,0,0,0,0,0,0,NA,"https://fbref.com/en/players/d6aa8848/Max-Anchor"
NA,"2022 Colorado Rapids","","William Yarbrough","USA","GK","32",34,34,3014,33.5,54,1.61,153,98,70.6,11,10,13,9,26.5,10,9,1,0,10,"https://fbref.com/en/players/ec646e88/William-Yarbrough"
NA,"2022 Colorado Rapids","","Abraham Rodriguez","USA","GK","19",1,0,46,0.5,3,5.87,5,2,60,0,0,0,0,NA,1,1,0,0,0,"https://fbref.com/en/players/c7e14787/Abraham-Rodriguez"
NA,"2022 Seattle Sounders FC","","Stefan Frei","SUI","GK","35",27,27,2430,27,38,1.41,123,84,74,11,3,13,5,18.5,7,6,1,0,14.3,"https://fbref.com/en/players/1d0a0f3e/Stefan-Frei"
NA,"2022 Seattle Sounders FC","","Stefan Cleveland","USA","GK","27",7,7,630,7,8,1.14,36,28,77.8,1,2,4,1,14.3,0,0,0,0,NA,"https://fbref.com/en/players/873fdbdf/Stefan-Cleveland"
NA,"2022 Sporting KC","","Tim Melia","USA","GK","35",21,21,1852,20.6,34,1.65,79,44,59.5,5,4,12,4,19,3,2,1,0,33.3,"https://fbref.com/en/players/cc741f50/Tim-Melia"
NA,"2022 Sporting KC","","John Pulskamp","USA","GK","20",12,11,1028,11.4,18,1.58,49,31,67.3,5,3,3,3,27.3,3,2,1,0,33.3,"https://fbref.com/en/players/6b306c92/John-Pulskamp"
NA,"2022 Sporting KC","","Kendall McIntosh","USA","GK","28",2,2,180,2,2,1,10,8,80,1,0,1,1,50,0,0,0,0,NA,"https://fbref.com/en/players/d1f3e74b/Kendall-McIntosh"
NA,"2022 Houston Dynamo","","Steve Clark","USA","GK","35",33,33,2905,32.3,48,1.49,150,103,72,10,6,17,6,18.2,8,6,1,1,14.3,"https://fbref.com/en/players/ed6320b7/Steve-Clark"
NA,"2022 Houston Dynamo","","Michael Nelson","USA","GK","26",2,1,155,1.7,8,4.65,13,5,38.5,0,0,1,0,0,0,0,0,0,NA,"https://fbref.com/en/players/f4a12161/Michael-Nelson"
NA,"2022 San Jose Earthquakes","","J.T. Marcinkowski","USA","GK","24",33,33,2925,32.5,66,2.03,177,111,66.1,8,10,15,4,12.1,6,6,0,0,0,"https://fbref.com/en/players/977791f4/JT-Marcinkowski"
NA,"2022 San Jose Earthquakes","","Matt Bersano","USA","GK","29",2,1,135,1.5,3,2,9,6,66.7,0,1,0,0,0,0,0,0,0,NA,"https://fbref.com/en/players/9110da2b/Matt-Bersano"
